precipitation,temp_max,temp_min,wind,humidity,cloud_cover,pressure,class
0.0,12.8,5.0,4.7,68.62,7.09,1050.4,stormy
10.9,10.6,2.8,4.5,73.76,39.05,1131.06,rainy
0.8,11.7,7.2,2.3,46.89,94.24,1010.38,rainy
20.3,12.2,5.6,4.7,73.7,7.63,1067.72,rainy
1.3,8.9,2.8,6.1,81.19,37.01,901.55,rainy
2.5,4.4,2.2,2.2,35.31,51.46,1049.48,stormy
0.0,7.2,2.8,2.3,48.57,66.41,1055.87,rainy
0.0,10.0,2.8,2.0,48.41,84.62,1032.54,sunny
4.3,9.4,5.0,3.4,57.09,9.77,1024.63,stormy
1.0,6.1,0.6,3.4,91.78,95.64,1081.06,rainy
0.0,6.1,-1.1,5.1,54.37,28.86,993.99,sunny
0.0,6.1,-1.7,1.9,29.71,40.76,1033.96,sunny
0.0,5.0,-2.8,1.3,68.8,54.43,930.62,sunny
4.1,4.4,0.6,5.3,61.42,28.83,1060.03,snowy
5.3,1.1,-3.3,3.2,86.4,78.46,1028.7,snowy
2.5,1.7,-2.8,5.0,77.12,28.1,1057.96,snowy
8.1,3.3,0.0,5.6,36.4,16.17,946.43,snowy
19.8,0.0,-2.8,5.0,83.46,27.25,996.77,snowy
15.2,-1.1,-2.8,1.6,52.82,31.06,996.41,snowy
13.5,7.2,-1.1,2.3,74.91,85.38,900.67,snowy
3.0,8.3,3.3,8.2,69.22,90.89,994.65,rainy
6.1,6.7,2.2,4.8,40.0,78.92,1078.46,snowy
0.0,8.3,1.1,3.6,72.78,7.25,963.54,rainy
8.6,10.0,2.2,5.1,74.13,85.19,1088.81,rainy
8.1,8.9,4.4,5.4,60.77,39.23,981.61,snowy
4.8,8.9,1.1,4.8,91.01,75.17,1064.08,rainy
0.0,6.7,-2.2,1.4,63.45,45.81,911.19,stormy
0.0,6.7,0.6,2.2,104.27,73.26,962.04,rainy
27.7,9.4,3.9,4.5,48.81,81.88,953.0,stormy
3.6,8.3,6.1,5.1,62.88,34.28,979.21,snowy
1.8,9.4,6.1,3.9,63.96,12.64,1032.55,stormy
13.5,8.9,3.3,2.7,63.62,20.53,956.02,snowy
0.0,8.3,1.7,2.6,45.26,64.51,933.73,sunny
0.0,14.4,2.2,5.3,56.41,50.01,983.52,sunny
0.0,15.6,5.0,4.3,48.05,89.22,959.71,sunny
0.0,13.9,1.7,2.9,72.91,60.6,993.74,sunny
0.0,16.1,1.7,5.0,76.85,7.73,1035.73,sunny
0.3,15.6,7.8,5.3,57.89,101.82,1119.39,rainy
2.8,10.0,5.0,2.7,71.6,64.28,1087.44,rainy
2.5,11.1,7.8,2.4,52.66,91.65,1100.08,rainy
2.5,12.8,6.7,3.0,84.42,57.91,972.49,stormy
0.8,8.9,5.6,3.4,53.6,10.13,1084.78,stormy
1.0,8.3,5.0,1.3,79.1,25.11,1049.03,snowy
11.4,7.2,4.4,1.4,93.44,95.3,948.47,rainy
2.5,6.7,1.1,3.1,89.46,61.82,946.41,rainy
0.0,7.2,0.6,1.8,32.49,38.6,936.8,stormy
1.8,7.2,3.3,2.1,35.39,88.65,987.89,rainy
17.3,10.0,4.4,3.4,61.27,10.28,1081.16,stormy
6.4,6.7,3.9,8.1,84.43,93.74,1036.11,snowy
0.0,6.7,2.2,4.7,40.72,76.92,959.55,sunny
3.0,7.8,1.7,2.9,81.77,4.42,1062.72,rainy
0.8,10.0,7.8,7.5,63.36,93.83,1075.41,rainy
8.6,10.0,2.8,5.9,51.94,30.24,1095.46,stormy
0.0,8.3,2.8,3.9,78.48,81.88,941.28,sunny
11.4,6.7,4.4,3.5,98.12,1.15,1066.08,rainy
0.0,7.2,2.8,6.4,40.25,67.05,1039.81,rainy
1.3,5.0,-1.1,3.4,86.84,41.46,945.71,snowy
0.0,6.7,-2.2,3.0,44.7,77.45,1068.2,sunny
3.6,6.7,-0.6,4.2,45.94,86.21,1052.5,snowy
0.8,5.0,1.1,7.0,47.12,26.34,1082.44,snowy
0.0,6.1,1.1,3.1,97.42,63.21,1135.66,sunny
2.0,6.7,3.9,5.1,38.76,85.0,1008.89,rainy
0.0,12.2,6.7,7.0,100.09,63.19,1052.7,sunny
0.0,10.6,6.7,5.6,92.54,52.67,1056.38,rainy
6.9,7.8,1.1,6.2,48.78,1.37,946.35,snowy
0.5,6.7,0.0,2.7,102.92,90.54,1056.7,snowy
0.0,8.9,-1.7,2.7,92.55,54.75,943.24,sunny
0.0,15.6,0.6,2.5,36.47,25.36,1054.5,sunny
3.6,9.4,5.0,2.8,51.58,55.32,999.11,rainy
10.4,7.2,6.1,3.4,33.89,23.85,1139.76,rainy
13.7,6.7,2.8,5.8,49.34,1.54,1027.91,rainy
19.3,8.3,0.6,6.2,51.39,1.59,980.44,snowy
9.4,5.6,0.6,5.3,47.77,66.74,1137.92,snowy
8.6,7.8,1.1,4.7,43.56,86.17,1035.23,snowy
23.9,11.1,5.6,5.8,80.71,11.59,1022.65,snowy
8.4,8.9,3.9,5.1,84.22,74.86,952.89,rainy
9.4,10.0,0.6,3.8,101.26,1.15,1019.39,snowy
3.6,5.0,-0.6,2.7,52.39,78.43,900.39,rainy
2.0,7.2,-1.1,3.0,74.05,59.13,961.71,stormy
3.6,7.8,2.2,6.4,45.0,67.79,1149.67,snowy
1.3,8.9,1.1,2.5,44.51,60.28,930.28,rainy
4.1,10.0,1.7,2.1,64.04,57.78,1049.85,rainy
0.0,12.2,0.6,2.8,54.34,38.13,1047.71,sunny
0.0,15.0,3.3,5.2,95.74,24.41,889.96,sunny
0.0,13.3,2.2,2.7,67.46,70.42,1062.55,rainy
0.0,12.8,6.1,4.3,62.5,33.69,1096.5,stormy
4.8,14.4,6.7,3.8,64.54,97.65,990.95,rainy
1.3,10.6,7.2,5.9,39.3,80.28,936.77,snowy
27.4,10.0,6.1,4.4,75.66,13.93,1027.91,stormy
5.6,9.4,5.0,4.7,36.76,63.64,974.18,rainy
13.2,10.0,2.8,3.4,33.64,48.9,921.75,rainy
1.5,8.9,4.4,6.8,78.39,89.74,1048.38,snowy
0.0,16.7,4.4,3.1,70.73,21.77,1074.04,sunny
1.5,11.7,3.3,3.1,96.18,55.13,891.38,rainy
0.0,10.6,2.8,2.1,77.59,13.27,1017.14,sunny
4.6,9.4,2.8,1.8,45.93,81.38,929.59,snowy
0.3,11.1,3.3,2.6,46.73,61.34,921.21,rainy
0.0,16.1,1.7,4.3,79.42,14.54,974.0,sunny
0.0,21.1,7.2,4.1,80.31,14.61,1025.83,sunny
0.0,20.0,6.1,2.1,78.36,84.89,973.56,sunny
0.0,17.8,8.9,3.2,71.81,31.75,1077.21,rainy
2.3,11.1,7.2,2.6,52.1,36.69,1098.28,stormy
0.5,13.9,5.6,2.6,79.59,79.6,946.81,rainy
0.0,15.0,3.9,4.0,43.04,2.38,1117.77,stormy
0.0,15.6,3.3,3.0,48.28,25.08,1032.83,sunny
0.0,16.1,7.2,2.9,49.52,81.87,1034.63,rainy
8.1,13.3,6.7,5.8,50.35,24.06,1074.97,stormy
1.8,10.0,4.4,2.0,96.64,42.92,1065.77,rainy
1.8,13.3,7.2,3.9,96.65,99.5,930.45,rainy
10.9,13.9,5.0,2.6,46.53,100.83,952.25,snowy
6.6,13.3,6.7,2.7,98.08,76.59,1026.95,snowy
0.0,20.0,4.4,2.3,63.61,54.53,988.85,sunny
0.0,23.3,8.3,2.6,83.18,2.9,958.97,rainy
0.0,21.7,8.9,3.5,85.04,58.11,1066.81,sunny
4.3,13.9,10.0,2.8,51.15,70.94,993.67,rainy
10.7,16.7,8.9,2.6,66.08,11.59,955.37,rainy
3.8,13.9,6.7,5.2,93.59,13.98,1137.88,rainy
0.8,13.3,6.1,4.8,38.14,58.77,951.32,rainy
0.0,16.1,8.3,2.5,51.65,70.2,954.75,stormy
4.3,15.6,8.9,1.6,31.65,45.69,943.18,stormy
4.3,12.8,7.2,8.0,83.13,13.88,1098.87,snowy
0.5,11.7,6.1,6.4,41.97,26.81,931.46,rainy
0.5,13.3,5.6,2.5,49.65,102.13,1021.48,rainy
18.5,11.1,7.2,3.4,75.12,33.93,1063.98,snowy
1.8,12.2,6.1,4.6,45.92,6.57,1090.51,stormy
0.0,13.3,5.0,2.3,74.57,5.2,997.79,sunny
0.0,17.8,5.0,2.4,64.33,39.05,1103.87,sunny
0.0,23.9,6.1,2.2,31.28,83.61,1100.84,sunny
0.0,18.3,9.4,3.0,74.92,88.34,1053.27,sunny
0.0,13.3,6.7,3.9,87.4,7.63,994.48,rainy
0.0,14.4,3.9,3.0,85.01,80.45,915.79,sunny
0.0,18.3,4.4,4.3,56.47,77.75,1052.54,sunny
0.0,24.4,6.7,3.4,79.52,58.29,1068.78,sunny
0.0,25.6,9.4,4.2,71.23,60.64,1036.64,sunny
0.0,26.7,12.8,3.8,84.33,0.84,1019.12,sunny
0.0,24.4,9.4,4.1,35.59,47.32,1037.56,stormy
0.0,19.4,9.4,3.5,49.7,89.78,1121.09,sunny
0.0,17.8,6.7,2.9,73.67,38.09,1007.65,rainy
0.0,15.6,7.8,3.1,72.0,40.54,943.39,rainy
0.0,19.4,7.2,1.5,41.49,30.67,991.67,sunny
6.4,14.4,11.7,1.3,50.25,54.35,944.76,rainy
14.0,16.7,10.0,4.0,96.33,41.89,1028.14,rainy
6.1,12.8,8.9,4.8,44.87,56.59,955.15,rainy
0.3,14.4,8.9,6.3,43.84,2.39,972.94,snowy
0.0,17.2,8.9,3.3,78.49,32.29,901.48,rainy
0.0,22.2,8.9,3.1,78.6,66.55,1037.42,rainy
0.0,22.2,8.9,3.6,74.76,70.14,1038.34,sunny
0.0,17.2,11.7,3.7,38.43,23.95,1071.48,sunny
0.0,16.7,10.0,3.4,74.42,29.35,915.25,rainy
0.0,16.1,7.8,1.8,33.73,44.56,993.58,sunny
0.3,18.9,11.1,1.5,86.26,13.66,996.28,stormy
3.8,17.8,12.2,2.7,66.55,57.32,1088.77,rainy
6.6,20.0,12.8,3.7,66.37,59.34,914.42,rainy
0.3,18.9,10.6,3.7,73.71,18.07,940.88,rainy
0.0,17.2,9.4,2.9,33.55,47.48,991.72,sunny
1.3,12.8,8.9,3.1,41.83,73.61,1022.66,stormy
16.0,13.3,8.3,3.3,38.92,84.79,967.03,rainy
0.0,16.1,6.1,3.4,92.0,2.73,1036.59,sunny
16.5,16.1,8.9,3.5,46.18,74.59,1081.59,stormy
1.5,15.0,8.3,3.0,76.16,41.99,1099.55,rainy
0.0,17.2,8.3,4.7,64.57,80.44,933.05,rainy
0.0,18.9,10.0,2.9,50.89,55.29,996.56,sunny
0.0,23.3,10.0,1.8,61.47,71.72,922.68,stormy
0.8,18.3,12.8,3.9,103.05,101.55,986.35,rainy
0.0,16.1,11.1,4.3,39.22,40.29,1009.14,sunny
0.0,17.2,10.0,2.7,79.04,21.47,1061.05,sunny
0.0,22.2,9.4,1.7,85.94,49.87,1050.1,sunny
0.0,21.1,15.0,4.1,53.28,62.57,996.68,rainy
0.0,18.9,11.7,6.4,40.68,71.43,981.53,sunny
3.0,17.2,10.0,3.8,42.13,76.27,963.77,stormy
1.0,19.4,10.0,3.0,69.8,53.24,996.4,rainy
0.0,24.4,10.0,3.0,43.22,21.4,1090.56,sunny
0.0,23.9,11.7,2.1,39.76,86.37,1045.78,sunny
15.7,13.9,11.7,1.9,84.41,79.59,962.07,rainy
8.6,15.6,9.4,2.5,98.66,87.09,989.73,rainy
0.0,19.4,9.4,2.0,36.47,37.04,945.5,stormy
0.5,19.4,11.1,3.1,53.19,29.02,1100.78,stormy
0.0,18.3,10.6,3.4,45.34,86.18,1079.58,rainy
0.0,22.8,8.9,1.8,42.77,69.5,1018.96,sunny
0.0,22.2,11.7,2.5,56.46,21.35,969.37,rainy
0.3,21.7,15.0,1.9,76.1,71.67,1036.77,rainy
3.0,20.0,13.3,2.4,49.14,20.96,1099.1,rainy
0.0,20.0,12.2,2.3,91.71,95.39,993.48,rainy
2.0,18.9,11.7,2.1,81.25,94.07,1025.39,rainy
5.8,18.3,10.6,6.0,45.98,5.19,1036.24,rainy
0.0,20.6,9.4,3.8,81.64,15.76,1068.0,sunny
0.0,24.4,10.6,3.1,45.06,19.46,1046.57,stormy
0.0,25.0,11.1,2.1,35.81,90.51,976.07,sunny
0.0,26.7,12.8,3.8,94.42,0.81,1057.25,sunny
0.0,28.3,14.4,2.8,84.74,49.55,1081.02,rainy
1.5,25.0,12.8,2.0,73.62,40.62,1075.27,rainy
0.0,23.9,11.1,2.3,42.42,87.68,995.94,stormy
0.0,27.8,13.3,2.9,38.81,16.56,953.05,cloudy
0.0,25.6,13.3,2.7,34.94,103.74,1072.58,stormy
0.5,23.3,13.9,2.2,93.89,21.1,1031.78,rainy
0.0,25.0,15.0,2.2,68.65,16.98,1030.52,rainy
0.0,18.9,13.3,3.8,76.34,0.89,946.27,rainy
0.3,26.1,13.3,2.5,80.01,17.34,952.75,stormy
0.0,21.7,15.0,2.6,32.98,46.27,994.19,sunny
0.0,21.1,14.4,2.9,38.38,4.08,1087.15,sunny
0.0,25.0,14.4,2.2,78.8,15.99,1099.42,sunny
15.2,19.4,13.9,4.0,66.1,59.23,942.8,rainy
0.0,23.9,13.9,2.3,83.49,21.39,1075.09,sunny
1.0,20.6,12.2,3.9,58.97,60.8,970.84,rainy
0.0,18.9,11.1,3.3,42.16,12.93,979.69,rainy
0.0,23.3,12.2,4.3,57.83,73.31,977.81,sunny
0.0,26.7,12.8,2.6,32.38,97.44,1075.52,sunny
0.0,25.6,12.8,2.2,50.53,64.08,956.01,stormy
0.0,18.9,13.9,2.8,45.71,37.04,1000.03,stormy
0.0,22.2,13.3,1.7,39.85,85.1,952.66,stormy
0.0,22.8,15.0,2.0,81.01,40.82,948.35,sunny
0.0,19.4,13.3,3.0,41.65,32.43,1114.76,sunny
0.0,22.8,13.9,2.8,58.14,77.61,1116.1,sunny
0.0,23.9,13.3,2.2,93.24,19.34,999.49,stormy
0.0,23.3,12.2,2.5,33.75,88.47,983.03,sunny
0.0,27.2,12.8,3.9,36.78,91.18,1077.55,sunny
0.0,33.9,16.7,3.7,45.07,23.51,1088.12,sunny
0.0,33.9,17.8,1.9,31.96,44.95,1013.58,sunny
0.0,28.3,15.6,2.5,52.94,44.07,1007.94,rainy
0.0,21.1,15.0,2.6,41.41,71.12,1014.23,stormy
0.0,22.2,15.0,3.1,35.49,92.63,1140.79,sunny
0.0,24.4,14.4,3.8,75.12,59.92,1077.44,stormy
0.0,25.6,12.2,2.3,85.72,20.5,1078.16,sunny
0.0,28.3,13.3,2.5,57.9,12.8,1013.55,sunny
0.0,30.6,15.0,3.0,55.61,97.82,990.72,sunny
0.0,30.6,15.0,2.8,72.16,43.59,1049.41,sunny
0.0,28.9,13.9,2.8,81.28,48.27,1078.72,sunny
0.0,31.1,16.7,4.7,90.26,59.06,1092.5,sunny
0.0,34.4,18.3,2.8,45.26,30.27,999.04,sunny
0.0,32.8,16.1,1.8,49.09,86.96,1035.92,sunny
0.0,21.7,14.4,3.0,44.1,73.26,951.3,stormy
0.0,23.3,15.0,2.7,44.71,36.3,1053.89,stormy
0.0,25.6,15.0,1.9,59.75,44.87,980.22,sunny
0.0,23.3,13.3,3.0,63.04,89.17,960.38,rainy
0.0,22.2,13.3,2.3,37.22,81.33,1060.14,sunny
0.0,21.1,13.9,3.8,78.12,91.53,1001.46,sunny
0.0,22.2,10.0,3.3,44.22,32.57,1010.65,sunny
0.0,26.1,11.7,3.2,58.88,95.87,929.03,sunny
0.0,21.1,12.2,3.4,44.04,31.23,956.95,sunny
0.0,23.9,13.3,1.8,82.68,65.93,995.75,sunny
0.0,22.8,12.2,3.2,44.52,18.97,1054.84,sunny
0.0,22.8,13.3,2.4,32.02,84.42,1057.1,sunny
0.0,22.8,12.8,1.9,45.67,90.78,1114.91,sunny
0.0,22.2,10.6,2.9,50.99,37.82,923.23,sunny
0.0,21.7,10.6,2.1,100.18,103.46,917.84,sunny
0.0,21.1,10.0,2.0,92.18,89.5,934.03,sunny
0.0,22.8,12.8,3.3,41.07,4.17,1047.29,sunny
0.0,24.4,11.1,3.1,40.78,4.84,941.42,sunny
0.0,26.1,11.7,2.6,49.39,12.77,983.04,sunny
0.0,28.3,14.4,4.2,47.12,63.92,1051.57,sunny
0.0,32.2,13.3,3.1,86.02,13.73,1080.23,sunny
0.0,25.0,13.3,3.0,40.8,33.72,1055.63,sunny
0.3,18.9,13.9,5.0,102.19,5.26,1062.84,rainy
0.3,20.0,11.7,3.9,90.72,84.48,1111.92,rainy
0.0,20.0,8.9,4.2,37.55,23.12,1018.71,sunny
0.0,22.2,10.0,5.6,86.05,83.75,1080.75,sunny
0.0,27.8,11.7,3.6,98.81,0.84,1013.41,sunny
0.0,26.1,11.1,1.5,74.07,71.92,1001.05,sunny
0.0,22.2,11.1,1.9,57.11,21.75,973.9,sunny
0.0,24.4,9.4,2.3,53.28,20.62,969.46,sunny
0.0,27.8,11.7,2.2,75.19,16.78,974.64,cloudy
0.0,27.8,11.7,1.4,53.72,1.52,1083.49,sunny
0.0,23.9,11.7,1.9,43.7,82.67,1094.83,stormy
0.0,19.4,10.0,2.5,30.52,83.62,1047.07,stormy
0.0,16.1,12.8,2.1,34.93,39.57,1121.64,stormy
0.3,19.4,11.7,1.1,89.61,79.4,918.77,rainy
0.0,19.4,10.0,1.4,49.32,51.61,988.12,cloudy
0.0,21.1,10.0,1.8,30.53,21.02,1085.28,cloudy
0.0,19.4,11.1,1.7,101.88,100.34,1037.0,sunny
0.0,19.4,9.4,1.7,34.96,2.86,907.48,stormy
0.0,22.8,10.0,1.7,56.2,72.13,919.04,stormy
0.0,25.0,12.2,1.1,41.25,83.93,1000.68,stormy
0.0,20.6,12.2,4.3,70.98,0.86,1009.33,sunny
0.0,21.1,7.8,3.1,53.04,47.78,951.03,sunny
0.0,23.3,8.9,3.0,92.43,2.77,968.61,sunny
0.0,17.8,10.0,4.1,70.81,47.85,1038.41,sunny
0.0,18.9,7.8,7.3,97.68,73.55,1006.86,sunny
0.0,18.9,8.3,6.5,63.13,100.26,908.72,sunny
0.0,21.7,8.9,5.7,72.62,24.37,1116.15,sunny
0.0,23.9,7.8,5.1,53.01,88.64,977.65,sunny
0.0,23.9,7.8,1.3,92.07,39.27,1067.61,sunny
0.0,21.1,7.8,1.9,35.72,35.93,1037.52,sunny
0.0,16.1,8.9,1.6,65.72,1.33,1036.91,stormy
0.0,12.2,8.3,1.4,95.7,10.49,954.73,stormy
0.0,13.9,7.2,1.3,49.28,50.95,1046.04,stormy
2.0,13.9,8.9,4.6,80.21,21.68,1056.63,snowy
4.8,15.6,12.2,3.9,70.04,51.46,982.25,rainy
16.5,17.8,13.3,3.4,88.62,67.55,960.22,rainy
7.9,17.2,11.1,4.6,84.65,12.93,1035.09,snowy
0.0,16.1,8.3,5.5,85.99,32.24,1129.49,sunny
0.0,14.4,6.1,1.6,85.83,24.98,1079.91,sunny
20.8,17.8,6.7,2.0,74.28,1.22,1071.73,rainy
4.8,15.0,9.4,5.3,58.49,0.46,973.2,snowy
0.5,11.1,6.1,5.7,94.2,53.6,1041.63,rainy
6.4,11.7,4.4,2.7,33.69,26.0,954.38,snowy
8.9,7.8,3.3,2.6,70.1,20.9,935.53,rainy
0.0,11.1,5.6,3.0,32.84,25.96,1041.04,rainy
7.1,11.7,6.1,2.1,72.57,28.96,990.46,snowy
0.0,11.7,6.7,1.5,54.33,86.58,971.73,sunny
1.5,11.1,7.2,2.5,60.2,33.99,919.9,rainy
23.1,14.4,9.4,5.1,55.89,27.92,1061.58,snowy
6.1,14.4,10.0,3.8,65.68,86.99,987.67,rainy
10.9,15.6,10.0,4.9,43.66,58.98,1004.29,rainy
34.5,15.0,12.2,2.8,90.2,18.87,938.41,rainy
14.5,15.6,11.1,2.7,93.03,22.09,1056.04,rainy
9.7,15.0,10.6,3.0,56.42,11.62,1049.06,stormy
5.6,15.0,10.6,1.0,87.0,6.94,973.3,rainy
0.5,15.6,11.1,3.6,71.6,53.32,1037.45,rainy
8.1,17.8,12.8,3.8,94.04,92.2,1128.31,rainy
0.8,15.0,7.8,4.0,55.35,78.76,940.41,snowy
0.3,12.8,6.7,3.5,36.78,57.31,953.94,rainy
0.0,12.2,3.9,3.4,59.25,8.61,1034.76,stormy
0.0,10.0,1.1,3.4,91.57,1.39,1123.6,rainy
0.0,8.9,1.1,2.0,37.7,94.76,961.8,rainy
0.0,7.8,-0.6,2.2,100.11,69.48,1019.62,sunny
15.2,8.9,1.1,3.0,49.27,86.75,987.12,rainy
3.6,12.8,6.1,3.0,57.52,26.74,1000.81,stormy
5.3,11.1,7.8,2.5,50.22,93.04,932.12,snowy
0.8,11.1,5.0,2.6,35.14,24.66,984.8,rainy
0.0,9.4,2.8,2.4,47.24,7.66,1081.02,stormy
5.6,9.4,2.2,1.6,80.61,88.79,1005.41,rainy
6.1,12.2,6.1,5.3,47.16,88.05,1058.04,snowy
7.9,10.0,6.1,4.9,56.1,51.5,1045.8,stormy
54.1,13.3,8.3,6.0,75.51,26.4,1054.77,snowy
3.8,11.1,7.2,4.2,76.15,70.79,1055.91,rainy
11.2,8.3,3.9,5.5,98.21,67.76,920.8,rainy
0.0,8.9,2.8,1.5,95.24,94.74,1084.26,rainy
32.0,9.4,6.1,2.4,64.64,66.49,1142.96,snowy
0.0,8.9,3.9,1.2,88.83,11.34,948.74,stormy
0.0,8.3,1.1,3.6,66.55,7.31,1032.47,stormy
0.0,9.4,1.7,3.8,92.28,1.29,1051.77,cloudy
0.0,10.0,1.7,1.5,89.89,91.25,1030.38,sunny
2.8,9.4,2.2,2.9,68.87,20.85,1048.0,stormy
1.5,12.8,7.8,4.2,42.45,105.65,1079.72,rainy
35.6,15.0,7.8,4.6,88.12,20.11,928.74,rainy
4.1,13.3,8.3,5.5,68.74,26.22,935.89,rainy
19.6,8.3,7.2,6.2,59.65,45.11,945.35,rainy
13.0,9.4,7.2,4.4,28.25,15.14,1025.79,rainy
14.2,11.7,7.2,6.2,83.09,98.87,1118.75,rainy
1.5,8.9,4.4,5.0,86.72,53.57,1071.79,stormy
1.5,7.2,6.1,5.1,94.61,69.18,1055.73,rainy
1.0,7.8,3.3,4.6,58.86,20.55,1055.96,snowy
0.0,6.7,3.3,2.0,33.38,100.02,1026.17,sunny
1.5,6.7,2.8,2.1,54.06,2.15,1069.05,rainy
0.5,7.2,5.6,1.8,43.08,77.17,1030.41,rainy
3.0,7.8,5.6,4.5,62.63,42.21,955.86,rainy
8.1,6.7,4.4,2.0,81.05,97.71,1106.09,rainy
2.3,7.2,3.3,2.8,58.92,70.93,983.96,snowy
7.9,6.1,1.1,1.7,35.78,38.88,1017.51,rainy
5.3,4.4,0.6,5.1,64.48,24.92,974.78,snowy
22.6,6.7,3.3,5.5,36.02,77.11,1091.82,snowy
2.0,8.3,1.7,9.5,72.57,74.48,1063.53,rainy
3.3,3.9,0.6,5.3,60.71,28.67,1000.82,snowy
13.7,8.3,1.7,5.8,37.4,90.38,940.23,snowy
13.2,7.2,0.6,3.7,35.07,40.66,1011.0,rainy
1.8,8.3,-1.7,1.7,35.5,46.21,933.73,stormy
3.3,8.3,3.9,3.5,36.55,44.68,948.08,stormy
6.6,7.2,3.3,2.5,62.52,71.78,1018.04,rainy
0.3,5.6,2.8,2.8,78.92,93.88,977.73,rainy
13.5,5.6,2.8,4.2,71.77,16.74,1089.56,snowy
4.6,6.7,3.3,4.9,96.33,77.54,1039.51,snowy
4.1,7.8,3.3,3.2,97.62,1.28,1101.52,rainy
0.0,8.3,3.9,1.7,43.97,82.05,1123.05,rainy
1.5,5.0,3.3,1.7,67.91,39.55,1076.92,rainy
0.0,4.4,0.0,1.8,30.93,47.25,1079.41,stormy
0.0,3.3,-1.1,2.0,68.6,17.88,1130.58,stormy
0.0,5.0,-2.8,2.7,82.84,30.24,1068.19,sunny
0.0,6.1,-1.1,3.2,81.85,62.23,1075.87,sunny
4.1,6.7,-1.7,3.0,89.76,64.63,1046.13,rainy
2.5,10.0,2.2,2.8,37.08,46.32,981.05,rainy
3.0,6.7,4.4,3.1,94.55,1.32,1108.3,rainy
2.0,7.2,2.8,3.0,47.96,77.25,1023.11,rainy
2.3,10.0,4.4,7.3,33.52,60.64,920.25,rainy
16.3,11.7,5.6,6.3,86.15,71.54,944.02,rainy
38.4,10.0,1.7,5.1,74.04,88.02,1095.82,rainy
0.3,3.3,-0.6,2.1,73.44,61.82,980.73,snowy
0.0,2.8,-2.8,1.9,49.38,30.25,1060.81,stormy
0.0,2.8,-3.9,2.0,54.84,30.31,1020.05,sunny
0.0,2.2,-4.4,1.5,49.68,33.3,1060.58,sunny
0.0,3.3,-2.2,1.3,44.09,57.44,1012.31,sunny
0.0,6.7,-0.6,2.3,89.3,88.93,958.29,sunny
0.0,6.1,-3.9,1.8,50.17,96.07,1108.43,stormy
0.0,3.9,-2.8,1.0,36.86,14.17,1070.38,stormy
0.0,3.3,-1.1,1.3,69.31,63.31,1008.87,stormy
0.0,1.1,-0.6,1.9,52.55,31.54,1037.39,stormy
0.0,3.3,-0.6,2.1,76.28,59.09,975.97,stormy
0.0,2.2,-1.7,1.1,84.89,54.96,1074.71,stormy
0.0,3.3,-1.7,0.6,44.66,53.85,1048.61,stormy
5.1,7.2,2.2,3.1,83.52,4.57,1016.09,snowy
5.8,7.2,1.1,2.6,78.18,87.53,1059.12,rainy
3.0,10.6,2.8,2.1,69.35,15.75,1005.99,snowy
2.3,8.3,3.9,4.5,50.58,88.17,1071.85,rainy
1.8,5.6,3.9,4.5,49.64,78.77,1063.71,snowy
7.9,6.1,3.3,3.2,76.44,14.35,1062.84,snowy
4.3,8.3,5.0,3.9,87.27,103.43,946.85,rainy
3.6,8.9,6.7,3.9,64.24,14.52,1129.61,stormy
3.0,9.4,7.2,4.0,31.43,15.55,1112.78,rainy
0.3,11.7,5.0,2.9,35.8,27.9,1029.64,rainy
0.0,6.1,2.8,2.0,62.69,42.53,1102.14,stormy
2.3,8.9,2.8,2.9,65.63,20.0,1048.63,stormy
0.0,10.6,6.7,2.6,107.09,75.54,1066.11,snowy
3.3,10.0,6.7,5.1,49.6,44.0,937.2,rainy
1.0,10.6,6.1,4.5,31.55,15.67,1074.32,stormy
1.3,9.4,3.3,4.1,57.56,48.21,1090.45,stormy
0.0,7.8,2.2,1.3,45.77,36.33,1143.13,sunny
0.3,8.3,4.4,1.3,80.51,11.88,1071.93,rainy
0.0,8.9,1.7,2.0,35.67,95.88,1044.12,stormy
0.3,8.3,4.4,1.4,88.16,10.58,968.68,rainy
1.0,11.1,7.2,5.6,65.13,75.62,1004.53,rainy
2.3,9.4,7.2,4.1,32.71,17.18,1023.33,rainy
1.0,9.4,5.6,2.2,75.87,87.55,998.01,rainy
0.0,13.3,5.0,2.4,71.46,4.84,1038.97,stormy
0.0,11.1,3.9,5.6,44.36,39.59,959.81,rainy
0.0,9.4,4.4,3.4,31.47,23.91,1012.27,rainy
0.0,7.8,3.9,1.9,66.9,53.21,953.78,rainy
0.0,10.6,1.7,3.4,40.06,47.84,961.64,sunny
1.5,7.8,1.1,2.1,66.69,80.55,1005.9,rainy
0.5,6.7,3.9,6.2,37.36,77.88,965.0,rainy
9.4,7.8,3.9,8.1,66.49,87.58,1058.6,rainy
0.3,10.0,3.9,4.6,73.58,41.07,967.2,rainy
0.0,8.9,5.0,5.5,48.15,61.76,1033.53,rainy
2.3,10.6,3.3,7.1,82.77,66.83,1017.16,rainy
0.5,8.9,3.9,3.8,84.3,95.3,923.89,rainy
4.6,10.0,4.4,1.8,93.8,38.22,1061.42,rainy
8.1,11.7,6.7,3.8,92.62,13.39,1006.13,rainy
4.1,15.0,11.1,5.4,98.29,46.17,962.52,rainy
0.8,13.9,5.0,4.5,66.96,28.81,1002.59,snowy
0.0,11.1,2.2,2.8,89.75,37.34,933.46,sunny
0.0,13.3,0.0,3.9,76.48,92.18,940.13,sunny
0.0,9.4,6.1,2.4,68.93,60.74,1040.71,rainy
11.9,7.2,5.0,4.1,57.35,51.25,968.49,rainy
7.4,12.2,5.0,2.5,57.34,34.42,1037.98,stormy
0.0,11.7,2.2,2.6,46.6,67.42,1090.84,stormy
0.0,12.8,1.1,1.3,39.21,52.15,1128.34,cloudy
0.8,7.8,3.9,1.6,85.71,95.3,991.96,rainy
1.3,10.6,6.1,1.1,53.56,17.32,961.4,rainy
2.0,12.8,10.0,5.7,39.82,37.85,983.68,rainy
2.3,11.7,9.4,3.7,63.29,88.62,1064.97,rainy
2.8,11.7,9.4,3.0,75.89,24.73,1024.59,snowy
0.0,14.4,8.9,4.3,80.48,56.27,919.68,rainy
4.3,10.6,4.4,6.4,77.25,16.11,1011.44,snowy
0.0,8.9,3.9,6.1,52.29,28.38,969.09,sunny
0.0,11.7,3.9,5.9,65.18,30.9,1048.35,snowy
11.7,12.8,1.7,3.4,55.81,9.31,995.64,snowy
9.9,11.1,4.4,7.6,87.21,81.92,1046.18,snowy
8.1,10.0,2.2,4.9,73.32,83.93,1035.34,snowy
0.0,9.4,0.6,2.2,47.61,57.38,997.18,sunny
0.0,10.0,1.1,2.6,63.95,22.22,1059.63,sunny
0.0,12.2,0.6,2.1,41.25,92.29,1115.83,sunny
0.0,16.7,4.4,2.8,47.85,27.9,1018.74,sunny
0.0,16.7,6.1,1.7,34.79,66.65,1034.25,sunny
0.3,13.3,7.2,1.6,77.84,21.81,960.22,rainy
2.0,16.1,8.3,1.3,61.3,59.3,1040.46,rainy
0.0,18.3,7.8,2.5,74.49,96.9,995.03,rainy
0.0,20.0,5.6,4.4,64.21,2.65,1053.96,stormy
0.0,20.6,6.7,2.9,77.48,83.67,956.74,sunny
0.0,17.2,8.3,3.6,47.56,68.51,1014.34,sunny
0.0,13.9,8.9,2.2,75.06,38.21,945.77,sunny
0.0,16.7,7.8,1.6,31.51,51.23,1076.62,sunny
8.4,14.4,10.0,3.0,78.26,38.61,1104.18,rainy
18.5,13.9,10.0,5.6,29.66,94.28,1050.11,stormy
12.7,12.2,7.2,5.0,84.12,25.87,1104.64,rainy
39.1,8.3,5.0,3.9,78.34,100.5,1107.31,rainy
0.8,13.3,6.1,3.1,58.28,25.03,1079.53,stormy
0.0,12.2,6.1,2.4,63.28,5.44,1007.75,sunny
9.4,15.0,8.9,6.4,58.8,17.08,1151.11,rainy
1.5,12.2,6.7,3.8,69.5,30.96,1119.69,rainy
9.7,7.8,4.4,4.6,50.65,82.42,1030.14,rainy
9.4,10.6,3.3,5.7,55.3,57.92,977.04,rainy
5.8,12.8,4.4,2.3,66.84,90.32,1013.04,rainy
0.0,13.9,4.4,2.4,73.93,4.69,1107.29,cloudy
0.3,13.9,3.3,2.6,92.58,85.89,938.6,rainy
0.0,15.0,3.9,3.3,53.99,26.66,1081.89,stormy
5.3,11.7,6.7,4.0,83.82,12.06,1098.51,snowy
20.6,13.3,9.4,4.9,77.42,20.39,1039.25,snowy
0.0,13.9,8.3,5.8,70.64,24.5,1001.45,sunny
3.3,12.2,6.7,4.1,42.52,2.05,1106.03,stormy
0.0,16.1,5.0,4.3,43.06,86.12,928.2,sunny
0.0,17.8,3.9,2.8,82.54,94.78,1005.03,sunny
0.0,21.1,6.1,3.0,68.43,80.33,952.83,sunny
0.0,21.7,6.7,1.1,80.18,90.52,1026.08,sunny
0.0,20.6,8.3,2.2,41.02,41.0,1007.94,cloudy
0.0,13.9,10.6,5.9,84.11,46.21,1056.33,sunny
1.0,15.0,9.4,5.2,62.11,0.42,976.5,snowy
3.8,13.9,6.7,4.2,47.94,98.05,986.12,rainy
0.0,12.8,4.4,2.4,55.57,32.75,955.45,sunny
0.0,18.3,3.3,3.1,81.52,23.29,1080.34,sunny
0.0,20.6,6.7,4.0,61.46,44.89,941.42,sunny
0.0,21.7,9.4,4.9,42.19,51.93,1003.84,sunny
0.0,25.0,11.1,6.5,70.08,54.44,960.95,sunny
0.0,28.9,11.7,5.3,48.69,6.9,1087.44,sunny
0.0,30.6,12.2,2.0,39.92,80.98,1048.59,sunny
0.0,20.6,11.1,3.3,78.92,69.06,1028.18,sunny
0.0,19.4,11.1,1.9,85.19,92.95,980.76,sunny
0.0,22.8,10.0,1.3,60.07,71.33,920.62,sunny
0.0,26.1,9.4,1.0,93.04,86.2,1034.18,sunny
0.0,27.2,12.2,2.6,31.42,88.61,927.71,sunny
6.6,21.7,13.9,3.9,37.42,42.94,972.44,rainy
3.3,18.9,9.4,5.0,89.08,56.11,981.77,rainy
0.0,18.3,7.8,2.4,69.79,92.33,979.1,sunny
1.0,17.2,8.9,2.3,72.68,85.7,965.8,rainy
0.0,21.7,12.2,2.7,53.81,19.49,1101.96,cloudy
0.5,17.2,11.7,3.7,33.74,21.7,969.87,rainy
0.0,16.7,11.1,2.9,73.12,78.97,1002.93,sunny
0.0,18.3,10.6,2.3,35.14,37.03,1055.49,sunny
0.0,19.4,9.4,1.8,53.04,5.67,1051.3,sunny
13.7,15.6,8.3,4.8,57.78,28.53,1002.25,stormy
13.7,11.1,7.2,3.0,92.67,80.29,1058.9,snowy
4.1,12.2,6.7,1.9,105.39,55.34,1104.41,rainy
0.3,16.7,8.9,2.7,66.72,12.0,1065.72,rainy
0.0,17.8,10.0,2.7,84.21,19.27,909.29,sunny
1.5,18.3,10.6,2.2,40.0,38.81,1087.66,rainy
9.7,16.7,11.1,3.1,72.37,90.56,994.96,rainy
0.5,17.2,11.7,2.8,57.41,57.62,958.95,stormy
5.6,16.1,9.4,4.0,52.8,71.51,1110.52,rainy
0.0,16.7,9.4,5.3,89.12,55.12,1041.53,sunny
0.0,19.4,11.1,2.5,71.08,51.64,1067.13,sunny
0.0,22.8,12.2,2.5,32.02,86.05,988.46,sunny
1.0,20.6,12.2,3.1,45.52,32.15,1090.18,rainy
0.0,22.2,11.1,2.9,43.85,41.01,1034.55,sunny
0.0,26.1,12.2,3.4,85.15,0.74,985.25,sunny
0.0,26.7,14.4,3.1,38.62,16.05,914.8,sunny
0.0,26.7,12.2,2.5,32.39,100.79,949.26,sunny
0.0,21.7,13.3,3.2,45.72,21.16,1121.95,sunny
0.0,20.6,12.8,3.1,40.57,31.76,921.52,sunny
0.0,20.6,11.1,3.7,78.04,62.47,982.58,sunny
0.0,21.7,11.7,3.2,42.65,29.92,1045.57,sunny
0.0,20.0,10.0,5.7,71.0,28.62,953.4,sunny
0.3,20.6,11.7,4.2,69.12,0.85,937.68,rainy
0.0,21.1,11.7,2.6,45.46,41.63,1083.95,sunny
0.0,20.0,12.2,3.7,41.67,31.92,1001.05,sunny
0.0,25.6,10.0,2.9,41.65,4.24,1037.7,sunny
0.0,23.9,12.8,3.4,59.74,8.36,970.51,sunny
0.0,25.6,13.9,3.0,59.13,27.09,999.52,sunny
0.3,23.3,13.3,3.4,58.89,8.9,1032.13,stormy
0.0,20.0,12.8,3.7,61.41,69.33,1063.86,sunny
3.0,17.2,12.8,5.0,72.94,76.87,949.4,rainy
0.3,20.6,12.2,1.5,55.3,71.63,993.51,rainy
0.0,25.6,11.7,1.7,80.9,74.01,956.09,sunny
7.9,22.2,15.0,2.1,84.21,20.01,979.06,rainy
4.8,21.1,13.9,3.7,86.01,95.44,963.97,rainy
9.9,23.3,14.4,2.8,54.61,12.75,971.17,stormy
2.0,22.2,15.0,2.3,30.59,41.32,940.37,stormy
3.6,21.1,16.7,1.3,80.8,31.7,922.72,rainy
0.0,30.6,16.1,2.2,45.28,13.29,1030.08,sunny
0.0,30.0,18.3,1.7,38.44,56.66,959.14,sunny
0.0,33.9,17.2,2.5,48.57,33.16,975.17,sunny
0.0,31.7,18.3,2.3,50.69,34.74,996.34,sunny
0.0,28.3,15.6,3.0,92.56,46.96,997.46,sunny
0.0,26.1,16.7,3.2,43.57,41.98,973.36,sunny
0.0,21.7,13.9,2.2,31.53,84.15,991.87,cloudy
0.0,23.3,13.9,2.6,33.45,44.59,1029.41,sunny
0.0,26.1,13.3,2.2,69.69,16.52,1087.06,sunny
0.0,23.9,13.9,2.9,53.62,15.21,977.52,sunny
0.0,26.7,13.3,2.8,61.91,26.02,909.27,sunny
0.0,30.0,15.0,2.5,79.13,45.09,1001.19,sunny
0.0,22.2,13.9,2.6,39.51,73.73,932.36,sunny
0.0,22.8,12.2,3.0,41.23,19.68,935.58,sunny
0.0,19.4,13.3,2.2,51.41,19.96,1070.63,sunny
0.0,26.1,11.1,3.1,33.96,94.54,1056.81,sunny
0.0,27.8,12.8,3.0,58.94,88.57,1103.88,sunny
0.0,27.8,14.4,4.6,89.99,17.51,935.38,sunny
0.0,31.1,18.3,4.1,49.7,20.59,980.75,sunny
0.0,22.2,15.0,3.7,42.76,84.08,1126.52,sunny
0.0,26.1,13.9,2.0,71.25,17.91,941.59,sunny
0.0,27.8,13.3,1.9,58.19,46.77,1037.53,sunny
0.0,25.0,13.3,2.0,76.69,35.91,1116.62,sunny
0.0,23.9,12.8,2.3,29.83,43.56,921.94,sunny
0.0,26.1,13.3,2.4,73.69,15.64,979.97,cloudy
0.0,31.1,13.9,3.0,47.52,92.51,918.77,sunny
0.0,31.1,14.4,2.5,40.16,12.65,1000.1,sunny
0.0,31.1,12.8,2.3,84.25,13.75,950.76,sunny
0.0,31.1,14.4,2.9,56.82,89.02,1031.7,sunny
0.0,25.6,12.8,2.6,46.7,34.04,1023.97,sunny
0.0,21.1,12.2,3.4,45.66,32.26,1058.68,cloudy
0.0,25.0,13.3,1.4,40.34,82.53,1021.65,sunny
0.0,25.0,13.3,2.8,54.4,15.36,979.96,sunny
0.0,21.7,13.3,1.8,40.6,99.85,1077.18,sunny
0.0,20.6,13.3,3.9,41.01,46.28,1092.08,sunny
2.0,17.2,15.0,2.0,98.77,85.18,956.57,rainy
0.0,25.0,15.6,2.4,50.88,9.25,964.58,cloudy
0.0,28.9,15.0,3.4,48.7,54.61,1131.85,sunny
0.0,30.0,15.0,2.1,76.68,1.07,1005.05,sunny
0.0,30.6,13.9,1.4,31.02,76.96,908.6,sunny
0.0,31.1,13.9,1.9,61.4,10.23,998.8,sunny
0.0,28.3,14.4,2.5,46.51,9.01,1065.36,sunny
0.0,28.3,14.4,2.1,40.82,89.89,1032.65,sunny
2.3,25.6,15.0,2.9,64.57,101.94,931.22,rainy
0.0,25.0,14.4,2.9,55.91,24.56,1030.72,sunny
0.0,25.6,16.1,1.9,36.83,24.84,1021.8,sunny
0.0,27.8,15.0,1.8,59.06,89.52,991.05,sunny
0.8,27.2,15.0,2.0,37.94,23.64,1001.28,rainy
1.8,21.1,17.2,1.0,40.96,86.55,1057.46,rainy
0.0,28.9,16.1,2.2,86.22,32.78,1002.29,cloudy
0.0,25.6,17.2,3.0,74.55,44.51,887.21,sunny
0.0,26.1,15.6,3.1,81.27,16.8,1073.7,sunny
0.0,26.7,15.6,3.0,52.3,36.8,939.33,sunny
0.0,25.6,16.1,4.6,80.78,15.86,998.18,sunny
0.0,27.8,15.0,4.3,58.03,71.99,1038.94,sunny
0.0,28.9,15.0,1.9,87.68,15.09,1034.91,sunny
0.0,25.0,16.1,4.1,60.65,84.7,1000.6,sunny
0.0,25.0,16.7,2.7,46.03,7.67,954.67,sunny
0.3,22.2,16.1,2.6,46.09,34.48,1007.92,stormy
1.0,24.4,16.1,1.9,49.99,8.62,1084.91,stormy
1.3,26.7,17.2,1.4,91.79,6.63,1054.78,rainy
5.6,26.7,15.6,1.3,85.45,2.7,1109.48,rainy
19.3,23.9,18.3,3.0,44.77,41.57,1065.52,stormy
0.0,26.1,16.1,2.9,52.14,37.33,948.05,sunny
0.0,27.8,13.9,2.6,64.23,11.83,1042.54,sunny
0.0,27.8,15.6,2.5,69.33,39.38,1067.98,sunny
0.0,27.8,17.2,2.1,85.56,0.93,940.07,sunny
2.3,25.0,16.7,1.7,41.88,24.39,1020.3,rainy
0.3,22.8,16.1,2.4,31.36,86.96,971.87,rainy
27.7,20.0,15.6,2.5,36.0,85.37,1033.17,rainy
21.3,21.7,16.1,2.6,57.0,14.41,1009.79,rainy
0.0,23.3,17.2,2.0,49.56,9.59,1015.11,sunny
0.0,26.7,14.4,1.5,36.0,106.41,1029.01,cloudy
0.0,26.1,13.9,2.1,68.54,20.25,1077.05,sunny
0.0,26.7,15.0,3.7,58.02,10.74,1144.23,sunny
0.0,33.9,16.1,2.4,47.02,34.14,998.36,sunny
0.0,25.6,15.0,1.7,59.35,46.21,916.63,sunny
0.0,18.9,15.6,2.0,34.02,29.97,1101.69,sunny
0.0,21.7,15.6,1.4,86.34,78.87,1001.22,cloudy
3.3,18.9,14.4,2.2,49.86,19.11,972.58,rainy
0.3,21.7,15.0,4.3,56.18,77.28,1061.35,rainy
0.0,17.8,13.9,2.3,39.69,71.97,1100.05,sunny
0.0,21.1,13.3,2.5,39.1,92.14,955.79,sunny
0.0,25.6,10.0,1.5,63.53,99.23,1135.9,sunny
3.6,23.3,13.3,3.0,66.88,90.5,972.39,rainy
0.0,21.1,13.3,2.5,40.69,83.14,976.97,sunny
13.5,17.2,13.3,5.5,50.28,67.27,1074.3,rainy
2.8,16.1,11.1,4.5,39.36,36.39,1063.09,stormy
0.0,17.8,10.0,2.6,81.6,20.22,1089.59,sunny
2.0,16.1,9.4,3.0,64.27,10.55,906.7,rainy
0.0,17.2,7.2,2.2,69.71,54.89,999.89,sunny
1.0,13.9,10.6,4.3,89.79,81.42,1099.51,rainy
43.4,16.7,11.7,6.0,84.54,46.39,977.61,rainy
16.8,14.4,11.1,7.1,71.43,4.67,1022.84,snowy
18.5,13.9,10.0,6.3,93.21,87.96,1077.13,rainy
7.9,14.4,8.9,4.7,73.32,22.01,910.7,rainy
5.3,12.8,9.4,2.4,52.0,68.88,1078.17,snowy
0.8,14.4,8.9,0.9,41.99,1.06,1007.43,rainy
0.0,17.8,5.6,1.1,38.39,0.98,1119.9,sunny
0.0,20.0,8.3,1.6,40.51,42.27,1033.44,sunny
4.1,22.8,7.8,2.6,61.31,26.97,1008.17,rainy
0.5,16.1,11.7,6.3,88.0,43.0,973.03,rainy
6.9,13.9,7.8,3.0,39.76,74.92,1087.26,stormy
0.0,15.0,5.6,1.6,84.42,72.09,916.2,sunny
1.0,14.4,8.3,1.7,36.54,69.49,1006.76,stormy
9.1,13.9,10.6,1.0,76.88,80.52,1110.19,rainy
1.0,14.4,8.9,2.2,97.22,83.24,1084.71,rainy
0.0,15.0,6.7,1.8,68.28,21.4,1020.02,cloudy
0.0,15.6,3.9,1.6,97.34,52.35,913.95,sunny
0.0,15.6,5.0,0.9,52.7,59.77,1131.84,sunny
0.0,12.8,8.9,2.7,81.46,100.93,1093.07,cloudy
0.0,14.4,8.9,1.7,42.95,53.54,1134.56,cloudy
0.0,12.8,7.2,1.2,102.99,9.04,933.46,sunny
0.0,10.6,7.8,1.4,59.65,91.84,1081.48,sunny
0.0,10.6,7.8,2.4,75.64,5.39,1087.13,sunny
0.0,11.7,8.3,2.5,73.12,101.54,964.91,sunny
0.0,14.4,7.2,1.9,73.57,19.15,1073.13,sunny
0.0,12.8,6.1,0.4,68.93,23.93,1118.1,sunny
0.0,10.0,6.1,0.6,91.32,19.22,1086.82,sunny
0.0,12.2,7.8,1.8,83.52,24.92,1084.12,sunny
0.0,11.7,8.3,2.7,96.59,77.97,1056.25,sunny
1.8,13.9,8.3,4.4,67.33,71.93,931.71,rainy
0.0,14.4,7.2,5.1,45.3,52.07,1068.33,sunny
0.0,13.3,3.3,2.2,62.08,90.18,897.24,sunny
0.5,15.0,5.6,3.9,83.8,90.04,961.18,rainy
0.3,14.4,10.6,2.2,84.48,96.61,1008.11,rainy
1.3,17.8,11.7,1.4,55.15,54.69,882.84,rainy
12.7,14.4,8.3,7.9,36.52,44.34,916.29,rainy
0.5,12.2,4.4,2.4,73.14,88.54,1054.83,rainy
0.0,10.6,3.9,1.6,94.81,42.25,994.68,stormy
2.5,13.3,7.2,3.1,46.99,36.04,1056.5,stormy
3.8,12.8,7.8,1.7,77.36,71.6,974.19,snowy
30.0,11.1,10.0,7.2,40.15,6.85,1073.24,stormy
0.0,13.3,7.2,4.1,90.49,101.48,914.78,sunny
1.8,11.1,5.0,1.4,65.24,28.84,999.18,snowy
0.0,11.1,8.3,4.4,37.52,59.4,959.23,sunny
0.0,16.1,6.1,2.6,48.02,76.01,1009.74,cloudy
4.1,15.6,8.9,2.2,67.91,47.91,1117.9,rainy
0.0,13.9,10.6,3.8,64.91,80.1,967.08,sunny
1.3,11.1,6.1,1.1,54.93,17.78,1140.69,rainy
3.0,10.6,7.2,6.0,39.42,89.91,954.34,stormy
0.0,10.0,5.0,4.6,59.97,77.57,931.41,sunny
5.3,11.7,7.2,5.4,89.64,36.65,1040.46,rainy
26.2,12.8,9.4,3.9,90.0,2.52,994.7,rainy
1.0,13.3,4.4,5.1,49.98,84.66,1074.24,rainy
0.0,7.8,1.7,4.3,64.87,70.14,970.5,sunny
0.0,7.8,-0.5,3.6,63.91,77.03,982.55,sunny
0.0,9.4,0.0,4.6,90.65,72.74,981.76,sunny
0.0,11.1,1.1,2.6,70.72,20.8,1083.86,sunny
0.0,11.7,0.6,0.9,99.68,78.62,949.24,cloudy
0.0,12.2,2.2,0.5,50.95,86.67,1048.13,sunny
0.0,12.2,2.8,1.0,60.97,94.13,1025.84,sunny
0.0,14.4,5.6,1.3,75.24,22.97,1090.01,sunny
0.0,11.7,3.3,0.7,89.03,97.71,1022.91,sunny
0.5,9.4,5.0,2.1,88.62,42.23,974.75,rainy
2.3,11.1,7.2,3.9,77.79,12.63,1115.2,rainy
3.0,13.3,7.8,8.8,33.01,95.7,993.28,rainy
4.6,7.8,1.7,3.5,74.35,15.54,1120.58,stormy
0.0,5.0,-0.5,5.6,56.93,28.32,1093.51,sunny
0.0,4.4,-2.1,1.6,47.37,91.47,1053.69,sunny
0.0,1.1,-4.9,2.6,52.9,42.68,1058.53,sunny
0.0,1.1,-4.3,4.7,85.22,63.39,1054.07,sunny
0.0,0.0,-7.1,3.1,85.9,86.47,915.35,sunny
0.0,2.2,-6.6,2.2,53.34,28.96,1105.67,sunny
0.0,1.1,-4.9,1.3,54.54,29.4,987.92,sunny
0.0,5.6,0.6,1.5,37.68,58.16,979.91,sunny
0.0,5.0,-1.6,0.8,84.77,50.9,1075.94,sunny
6.9,5.6,-0.5,2.3,91.68,6.05,995.44,rainy
0.5,9.4,5.6,2.9,76.2,64.49,1044.65,rainy
0.0,9.4,6.1,3.7,57.6,7.53,1068.48,sunny
1.3,11.7,8.3,3.9,89.35,7.71,937.14,rainy
0.3,10.0,4.4,1.0,65.67,87.33,955.88,rainy
0.0,8.3,4.4,2.7,48.58,36.89,1060.39,sunny
1.3,7.8,2.2,2.8,65.65,82.79,1022.07,snowy
0.0,5.0,0.0,2.1,76.2,71.11,898.14,sunny
5.6,8.3,0.6,3.7,70.4,8.61,1008.97,snowy
5.6,8.9,5.6,2.3,77.95,87.9,926.36,rainy
10.7,10.6,8.3,4.0,42.95,2.39,1069.64,stormy
1.5,11.7,6.1,5.9,33.5,87.27,1102.63,snowy
0.0,8.3,2.8,1.7,82.55,97.92,980.59,sunny
0.0,6.7,1.7,0.8,74.93,49.07,1058.18,sunny
0.0,6.7,0.6,0.5,61.08,58.73,1004.52,sunny
0.3,8.9,0.0,2.1,63.85,66.29,945.96,rainy
0.0,9.4,3.3,1.3,84.9,11.53,964.63,sunny
0.0,7.2,1.7,1.1,84.71,44.83,1089.84,sunny
0.3,8.9,4.4,2.6,107.83,35.12,916.82,rainy
0.5,8.3,5.0,1.7,41.61,50.56,1066.22,rainy
0.0,7.2,3.3,1.2,45.07,34.36,1051.06,sunny
4.1,10.6,6.1,3.2,63.21,43.58,1023.45,rainy
1.5,8.9,2.8,2.6,70.44,20.09,965.59,snowy
0.0,7.8,0.6,2.7,81.12,83.16,935.08,cloudy
0.0,8.3,-0.5,3.7,33.99,37.53,1085.69,sunny
0.3,7.8,-0.5,2.6,94.55,24.46,958.52,rainy
12.2,8.3,5.0,1.6,40.99,46.09,943.57,stormy
9.7,10.0,7.2,4.6,69.1,7.89,1033.38,stormy
5.8,9.4,5.6,6.3,55.97,43.14,941.29,rainy
4.3,12.8,8.3,7.0,46.44,6.51,1127.73,stormy
21.3,14.4,7.2,8.8,82.76,14.37,1080.69,snowy
1.5,11.1,5.6,8.1,53.04,20.73,1076.11,stormy
0.0,10.6,10.0,7.1,39.52,6.5,1069.91,sunny
0.0,11.1,7.2,1.3,48.87,31.12,1092.68,sunny
0.0,11.1,5.6,2.5,34.19,26.94,1044.56,sunny
0.0,6.7,4.4,2.7,60.16,18.41,977.65,sunny
0.0,5.6,2.8,2.3,69.25,69.3,1057.94,sunny
0.0,9.4,0.6,2.2,42.85,57.44,1076.01,sunny
0.0,6.1,3.3,2.5,56.24,2.57,943.35,sunny
0.0,10.0,2.8,2.2,32.58,26.27,914.59,sunny
0.0,10.0,1.7,1.5,92.91,94.22,1101.36,sunny
0.5,9.4,5.6,2.6,74.31,64.65,964.18,snowy
0.0,10.0,2.8,5.2,88.78,69.63,929.83,cloudy
0.0,12.8,1.1,1.9,105.5,43.18,1030.88,sunny
0.0,12.2,1.1,0.8,78.79,10.12,903.2,sunny
0.0,8.3,0.6,1.3,87.59,34.38,953.33,sunny
0.0,9.4,1.7,1.3,42.3,37.36,1078.26,sunny
8.9,11.1,6.1,1.6,45.5,31.71,1006.54,stormy
21.6,11.1,7.2,3.4,72.26,36.06,1055.21,snowy
0.0,8.3,6.1,6.4,80.26,64.81,1078.18,sunny
2.3,7.8,5.6,2.6,97.78,21.02,1084.4,rainy
2.0,7.8,2.8,0.8,81.6,72.28,1112.54,rainy
0.0,8.9,1.1,2.5,46.53,62.1,1083.54,sunny
0.0,5.0,0.0,4.3,89.7,6.25,1124.36,sunny
0.0,2.8,-2.1,4.7,72.35,43.6,952.26,sunny
0.0,-0.5,-5.5,6.6,67.94,26.33,1085.46,sunny
0.0,-1.6,-6.0,4.5,89.57,58.19,1023.48,sunny
0.0,3.3,-4.9,4.2,86.41,60.58,1021.96,sunny
5.1,5.6,-0.5,4.6,49.94,61.78,1090.43,snowy
0.5,3.9,0.0,2.4,46.52,46.02,992.57,snowy
18.3,10.0,2.2,4.7,43.48,76.17,1068.54,snowy
17.0,12.2,5.6,3.8,83.67,48.66,899.4,rainy
4.6,12.2,7.2,6.4,85.43,51.96,1089.7,rainy
1.8,12.8,7.8,6.3,52.82,68.73,923.53,stormy
9.4,11.7,6.1,6.4,43.66,27.2,932.66,rainy
11.7,11.1,5.0,5.1,47.46,49.66,1027.29,rainy
26.4,9.4,3.9,7.9,102.38,40.14,943.81,snowy
14.5,8.3,4.4,5.5,63.51,33.38,1068.57,snowy
15.2,8.9,5.0,6.2,71.28,42.01,915.06,stormy
1.0,8.3,3.9,6.0,96.66,37.87,902.13,rainy
3.0,10.0,5.6,6.9,71.06,10.87,934.69,rainy
2.8,6.7,3.9,2.9,63.72,78.63,1137.79,rainy
2.5,5.6,2.8,3.1,81.05,78.14,1035.62,snowy
6.1,7.2,3.9,2.6,71.38,19.61,1019.59,snowy
13.0,6.7,3.3,3.2,46.8,84.41,1007.21,rainy
0.3,12.2,3.9,4.5,71.77,12.24,1074.31,snowy
0.0,13.9,5.6,2.5,71.04,85.63,1070.45,sunny
0.0,12.8,4.4,2.3,62.52,87.91,958.11,sunny
0.0,14.4,4.4,5.9,84.61,92.62,947.45,sunny
0.5,7.2,4.4,4.7,75.67,89.18,988.9,rainy
19.1,11.1,2.8,5.7,48.21,54.3,1057.65,stormy
10.7,14.4,8.9,5.1,50.94,26.9,1095.81,stormy
16.5,13.9,7.8,3.9,40.63,64.76,945.56,stormy
46.7,15.6,10.6,3.9,54.94,48.97,1132.05,rainy
3.0,13.3,10.0,6.2,52.46,2.26,1035.59,stormy
0.0,15.6,8.9,4.2,100.57,80.57,1001.52,sunny
32.3,12.8,6.7,2.7,71.81,89.79,1009.79,rainy
4.3,15.0,9.4,4.3,107.56,88.96,1089.77,rainy
18.8,12.2,6.1,2.2,63.89,4.88,1101.14,snowy
0.0,14.4,4.4,2.3,52.23,101.09,987.23,cloudy
0.0,16.1,3.3,1.9,105.26,54.39,1062.46,cloudy
0.5,13.9,5.0,2.5,48.69,99.52,1041.29,snowy
6.9,14.4,8.3,6.1,45.5,2.3,952.92,rainy
8.1,16.7,4.4,3.0,79.96,21.99,931.54,rainy
27.7,10.6,4.4,3.8,60.23,67.02,926.59,rainy
0.3,10.0,2.8,3.2,37.28,46.23,1080.17,stormy
0.0,10.0,3.3,1.6,41.5,54.11,1107.19,sunny
0.5,11.1,3.3,5.1,63.81,38.4,1018.2,rainy
0.0,11.1,1.7,3.0,33.53,43.3,1109.73,sunny
0.0,10.6,2.8,3.8,91.97,95.84,952.58,sunny
0.0,11.1,1.1,1.8,40.27,80.44,1046.33,sunny
0.0,12.8,4.4,3.3,67.23,38.45,1069.98,sunny
0.0,18.9,2.8,2.2,39.99,41.37,1010.35,sunny
4.1,13.9,6.7,4.4,37.98,89.85,1011.28,rainy
3.6,11.1,5.6,2.4,70.42,86.56,998.96,rainy
0.3,12.2,6.7,2.8,81.3,59.5,959.63,rainy
22.1,11.7,7.2,3.9,82.16,34.54,1036.41,rainy
14.0,11.7,7.2,5.1,61.92,70.14,996.06,rainy
0.0,11.1,5.0,5.1,54.69,46.91,1032.05,sunny
0.0,15.6,2.2,3.8,85.2,46.18,970.9,sunny
0.0,14.4,6.7,2.8,48.32,26.93,982.57,sunny
0.0,14.4,5.6,4.2,86.56,93.13,1060.89,sunny
2.5,13.3,6.1,3.9,79.75,33.22,1083.87,rainy
0.0,12.8,6.1,4.7,58.12,71.9,969.27,sunny
4.6,11.7,7.8,4.3,45.4,2.33,1099.81,rainy
0.0,13.9,8.3,2.6,44.99,66.44,1054.49,sunny
0.0,21.1,9.4,2.5,67.18,49.43,932.37,sunny
4.6,15.6,8.3,4.2,77.81,92.58,1070.61,rainy
0.0,14.4,6.7,2.9,81.39,22.99,939.66,sunny
0.0,15.0,6.7,3.6,80.62,3.02,1002.64,sunny
0.0,17.2,5.0,2.8,41.55,68.76,897.81,sunny
0.0,16.1,7.8,4.4,68.65,87.41,1049.76,sunny
0.0,20.6,5.6,3.1,40.32,50.49,1015.03,sunny
0.0,20.0,5.6,2.6,60.46,11.31,1039.55,sunny
0.5,14.4,7.8,4.0,37.92,68.74,956.54,stormy
10.9,11.1,8.9,4.6,84.12,4.99,1049.96,rainy
18.5,11.7,7.2,4.7,60.28,68.12,930.1,rainy
0.0,14.4,5.6,3.8,92.02,6.92,1105.3,sunny
13.7,11.7,5.6,4.7,77.24,6.72,1000.21,snowy
0.0,15.6,5.6,2.7,48.68,29.16,1059.95,sunny
5.1,17.2,7.8,2.5,93.59,101.45,1012.89,rainy
14.2,12.2,5.0,4.2,43.67,48.28,997.89,rainy
8.9,11.7,6.1,5.0,69.89,7.36,948.9,rainy
12.4,13.9,6.1,5.3,88.23,24.07,1009.96,snowy
0.0,14.4,5.6,2.3,43.49,5.69,1032.93,sunny
3.3,15.0,5.6,3.9,87.65,87.34,895.12,snowy
6.9,11.1,6.1,5.8,43.41,89.29,1115.39,rainy
0.0,16.1,4.4,2.6,99.94,76.21,1022.83,sunny
0.0,25.0,9.4,2.3,45.8,95.45,1037.11,sunny
0.0,27.8,9.4,3.9,45.11,80.44,1019.56,sunny
0.0,29.4,11.1,3.0,67.39,99.09,1025.08,sunny
0.0,18.3,10.6,4.7,88.88,13.25,963.88,sunny
33.3,15.0,8.9,3.4,70.04,81.79,1104.37,rainy
16.0,14.4,8.9,4.2,60.21,80.23,1021.92,rainy
5.1,15.6,9.4,3.8,46.46,80.7,1043.03,snowy
0.0,16.7,8.3,2.6,65.43,11.39,959.9,sunny
0.0,18.3,7.2,1.7,68.71,1.19,1051.17,sunny
13.7,13.9,9.4,3.4,70.74,86.29,1078.66,rainy
2.0,13.3,7.2,5.6,103.31,38.61,1032.46,rainy
0.5,15.6,7.2,2.1,35.88,70.34,947.44,stormy
0.0,18.9,8.3,1.7,48.49,82.03,1109.59,sunny
0.0,24.4,9.4,2.7,46.08,42.2,983.65,sunny
0.0,26.7,12.8,3.8,96.23,0.8,1026.54,sunny
0.0,27.8,13.3,3.3,34.07,15.67,1097.23,sunny
0.0,26.7,12.8,3.0,61.49,27.31,910.09,sunny
0.0,20.0,11.7,4.1,100.97,100.58,1130.96,sunny
0.0,20.0,11.7,3.2,89.52,63.44,976.51,sunny
0.0,20.0,10.6,3.2,54.12,27.91,1018.13,sunny
0.0,21.1,10.0,2.2,91.31,95.16,1005.18,sunny
0.0,22.2,10.0,2.7,77.8,2.7,965.63,sunny
0.0,20.0,10.6,1.7,95.17,89.88,997.18,sunny
0.0,24.4,11.7,2.5,35.55,87.54,1029.98,sunny
3.8,20.0,12.8,4.0,61.65,62.91,930.99,rainy
0.0,18.3,11.1,2.4,30.75,94.42,1077.57,sunny
5.6,15.0,10.6,1.4,46.49,52.18,1010.47,rainy
0.0,18.3,11.1,4.5,54.12,66.21,1028.09,sunny
0.0,20.0,10.0,2.5,66.8,49.67,918.06,sunny
0.0,18.9,10.0,3.4,48.68,91.08,1115.17,sunny
0.0,18.9,11.1,4.3,97.25,34.42,1076.71,sunny
0.0,20.6,8.9,4.5,59.76,72.76,948.5,sunny
0.0,23.3,10.0,2.2,49.09,20.23,1051.66,sunny
0.0,22.2,10.6,2.3,45.2,35.66,912.03,sunny
0.0,23.3,11.1,2.4,44.07,89.18,1097.74,sunny
0.0,18.3,11.1,3.2,43.82,12.41,998.11,sunny
0.0,19.4,10.0,2.6,31.13,83.61,1101.51,sunny
0.0,22.2,10.0,2.4,47.92,37.97,1003.09,sunny
0.0,25.0,10.6,3.2,35.1,4.56,980.33,sunny
0.0,24.4,13.3,3.1,64.69,90.01,1005.81,sunny
0.0,23.3,12.2,2.1,39.88,89.01,976.35,sunny
0.0,21.1,13.3,3.6,84.4,84.67,943.26,sunny
0.0,20.0,12.2,2.9,92.58,3.21,948.34,sunny
0.0,23.9,11.1,2.7,41.23,21.74,1072.81,sunny
1.8,21.7,12.2,4.0,36.01,43.91,1072.6,rainy
6.4,15.6,11.1,5.0,47.15,88.17,966.18,rainy
0.0,17.8,11.7,3.2,44.37,11.72,1068.49,sunny
0.5,18.3,10.0,3.6,50.1,85.38,1132.05,rainy
3.6,17.8,8.9,2.4,46.25,8.1,1095.36,rainy
1.3,17.8,10.0,3.0,73.74,78.07,1081.45,rainy
0.0,18.9,11.1,2.7,68.74,57.11,947.14,sunny
0.8,25.6,11.7,3.7,47.48,87.95,966.98,rainy
0.3,20.0,10.0,3.4,63.02,4.1,1101.94,rainy
0.0,22.2,10.6,3.6,42.93,30.17,1084.17,sunny
0.0,25.0,11.1,2.7,40.2,72.98,1026.48,sunny
0.0,25.0,13.3,2.5,45.19,35.77,1025.13,sunny
0.0,24.4,14.4,2.5,33.78,103.75,1027.04,sunny
0.0,26.1,13.9,2.4,80.16,17.63,1112.17,sunny
0.0,21.1,14.4,4.1,35.41,38.94,968.23,sunny
1.8,21.1,13.9,4.5,63.2,63.42,1025.57,rainy
2.3,20.0,13.3,4.3,41.35,93.38,916.07,rainy
0.0,20.6,12.8,3.2,45.97,27.9,957.4,sunny
0.0,25.6,12.8,4.4,35.14,25.63,914.18,sunny
0.0,34.4,15.6,3.5,56.79,19.05,1083.96,sunny
0.0,27.2,14.4,3.6,57.24,10.58,1133.44,sunny
0.0,21.7,13.9,3.1,41.12,4.53,955.91,sunny
0.0,23.9,13.9,3.6,46.03,78.75,968.14,sunny
0.0,24.4,13.3,2.2,81.27,18.94,1050.03,cloudy
0.0,28.9,15.0,3.0,87.3,41.07,996.01,sunny
0.0,27.2,17.8,4.1,28.64,101.4,995.24,cloudy
0.0,30.0,15.6,3.5,63.42,33.7,920.97,sunny
0.0,26.7,13.9,2.3,50.28,9.22,1068.64,sunny
0.0,28.9,12.8,2.2,64.87,84.12,925.96,cloudy
0.0,31.1,15.0,2.2,34.52,13.19,1014.69,sunny
0.0,32.2,16.7,2.2,49.59,92.45,1047.08,sunny
0.0,29.4,15.0,2.6,86.04,46.71,1110.62,sunny
0.0,27.8,15.0,2.8,76.38,41.47,987.57,sunny
0.0,31.1,13.9,2.3,86.35,33.19,926.47,sunny
0.0,31.1,14.4,2.4,40.37,13.16,930.96,sunny
0.0,26.7,13.9,3.7,40.21,96.13,1020.02,sunny
0.0,23.9,11.7,2.8,41.96,3.99,1056.39,sunny
0.0,25.6,15.0,5.4,53.16,7.16,973.77,cloudy
0.0,19.4,14.4,2.8,46.47,39.55,1047.69,sunny
0.0,23.9,13.3,2.2,85.04,20.5,955.82,sunny
0.3,21.1,13.3,1.1,66.64,31.12,1102.93,stormy
19.3,18.9,13.3,3.3,43.83,29.34,965.91,rainy
0.0,20.6,12.8,4.7,100.68,5.54,1107.71,sunny
0.0,22.8,12.2,2.7,41.87,21.26,1060.48,sunny
0.0,26.1,13.3,3.6,83.11,0.83,985.92,sunny
0.0,28.3,15.0,4.1,30.91,70.09,1064.29,sunny
0.0,30.6,15.0,3.7,66.9,33.96,918.18,sunny
0.0,30.0,15.6,2.8,77.09,42.71,1077.55,sunny
0.0,29.4,14.4,3.4,46.94,53.23,968.66,sunny
0.0,30.6,17.8,4.1,95.76,69.14,1007.59,sunny
0.0,28.9,15.0,3.3,64.57,0.53,1032.29,sunny
0.5,29.4,15.6,1.7,32.83,72.56,1055.77,rainy
0.0,31.7,14.4,2.6,37.42,14.32,966.26,sunny
0.0,32.8,16.1,2.6,89.01,67.33,1002.88,sunny
0.0,25.0,13.9,2.7,33.81,92.84,1120.19,sunny
0.0,26.1,15.0,2.2,52.19,9.94,1056.07,cloudy
0.0,25.6,13.3,2.4,33.58,88.09,1067.65,cloudy
0.0,25.6,13.3,2.9,44.55,36.6,1015.79,sunny
0.0,27.2,15.6,4.1,48.59,63.02,1041.41,sunny
0.0,30.6,13.9,3.4,77.81,10.74,987.67,sunny
0.5,35.6,17.8,2.6,53.91,33.42,1044.34,rainy
12.7,27.2,17.2,3.1,97.08,81.09,1046.98,rainy
21.6,23.3,15.0,2.7,49.29,39.76,1077.55,rainy
0.0,21.1,17.2,0.6,40.44,40.1,1036.85,sunny
1.0,24.4,16.7,1.5,38.26,95.82,943.85,stormy
0.0,25.6,15.6,2.2,64.68,12.68,1121.89,sunny
0.0,27.8,15.0,2.8,80.88,48.46,954.66,sunny
0.0,29.4,15.6,3.3,88.17,15.86,982.46,sunny
0.0,27.2,15.6,2.4,44.1,82.11,1044.87,sunny
0.0,21.7,13.9,3.6,41.47,1.33,1086.69,sunny
0.0,21.1,11.1,1.7,77.88,53.89,960.32,sunny
0.0,23.9,13.3,2.9,34.46,80.16,1088.37,sunny
0.0,27.8,13.9,2.0,59.04,84.28,1072.57,sunny
0.0,25.0,13.3,2.3,47.18,39.02,1104.31,sunny
0.0,28.9,14.4,2.0,41.24,94.83,1056.25,sunny
0.0,31.1,15.6,1.8,36.07,89.68,1098.4,sunny
0.0,28.9,16.1,1.6,30.88,77.41,1029.59,sunny
0.0,23.3,14.4,2.3,89.81,21.71,928.66,sunny
0.0,22.8,15.0,3.4,61.5,84.05,1044.16,sunny
8.4,17.8,15.0,2.2,52.58,22.01,1106.74,rainy
1.3,21.1,13.9,1.9,39.42,97.87,1112.74,rainy
0.0,23.3,12.8,2.5,34.21,79.29,1124.39,sunny
3.0,20.0,13.9,4.3,46.89,15.95,1035.03,stormy
0.0,20.6,12.8,2.7,42.38,42.28,974.9,sunny
0.0,23.9,11.1,3.1,40.26,20.69,1123.29,cloudy
0.0,27.8,13.9,6.5,88.47,20.87,944.92,cloudy
0.0,32.2,15.0,2.9,83.1,39.45,1100.99,sunny
0.0,28.3,13.3,2.1,57.27,76.41,978.8,sunny
0.0,21.1,13.3,2.8,43.68,20.55,988.22,sunny
0.0,21.7,13.3,2.3,43.92,86.81,1041.65,sunny
0.0,22.2,12.2,3.9,92.07,95.54,1095.62,sunny
0.0,24.4,12.8,5.3,55.9,16.17,1095.62,sunny
0.0,24.4,12.8,5.9,34.18,85.96,1029.86,sunny
0.0,28.3,10.0,4.2,37.67,26.16,1010.42,sunny
0.0,30.0,11.7,1.8,42.37,21.82,954.99,sunny
0.0,30.6,12.2,1.2,72.67,2.67,1041.7,sunny
0.0,22.2,13.9,2.8,41.57,68.91,951.37,sunny
0.5,22.8,14.4,2.3,28.74,42.55,1000.57,rainy
0.3,19.4,15.0,3.1,38.51,20.12,970.5,rainy
0.0,23.9,16.1,2.8,63.78,22.87,1035.67,sunny
0.0,24.4,14.4,4.4,53.89,50.11,1012.83,cloudy
0.0,26.1,12.8,3.0,42.11,35.13,1047.11,sunny
0.3,22.2,15.0,2.1,82.99,22.35,987.67,rainy
18.3,18.9,14.4,2.5,47.82,36.81,1066.66,stormy
20.3,18.9,14.4,2.7,48.0,37.57,1083.38,rainy
4.3,21.7,14.4,2.5,31.68,83.73,1008.59,rainy
8.9,20.0,13.9,3.3,41.58,74.01,914.18,rainy
0.0,20.6,11.7,3.2,40.44,29.86,966.95,cloudy
0.0,18.9,12.2,2.0,86.6,102.99,1017.41,cloudy
0.8,16.7,11.1,3.5,89.69,79.36,1082.57,rainy
0.0,19.4,12.2,2.6,83.91,3.21,981.63,sunny
0.0,18.3,11.1,2.1,47.17,5.74,974.83,sunny
0.0,19.4,10.0,2.0,53.01,5.7,978.95,sunny
0.0,22.2,8.9,1.0,86.84,87.31,1025.68,sunny
0.0,21.7,12.2,1.2,45.15,28.01,973.56,sunny
0.0,23.9,11.7,1.4,56.04,92.08,966.24,cloudy
0.0,25.6,13.3,2.5,30.3,97.15,969.14,cloudy
0.0,18.9,13.9,1.0,62.41,61.65,917.28,cloudy
0.0,20.6,12.8,1.8,67.04,57.74,1011.4,cloudy
0.0,17.2,11.1,1.0,81.18,77.81,1075.98,cloudy
0.3,18.3,10.0,3.8,63.63,52.6,1078.69,rainy
7.4,18.3,11.7,3.5,61.29,3.67,990.69,rainy
0.0,17.8,11.7,2.1,49.49,5.77,1089.11,sunny
7.6,21.1,10.0,3.1,76.62,60.3,1037.44,rainy
7.1,16.7,11.7,2.2,54.04,23.62,905.8,rainy
8.6,16.1,11.7,4.7,63.6,69.11,957.88,stormy
0.0,20.6,11.1,3.3,82.92,60.09,970.28,sunny
3.3,16.7,11.7,3.0,58.59,57.97,1028.42,rainy
15.0,19.4,13.9,1.9,52.55,21.36,1067.7,rainy
0.0,22.2,12.8,3.2,39.77,21.92,1008.0,sunny
11.7,16.1,12.2,3.1,58.36,48.4,1072.05,rainy
1.0,16.1,11.7,4.7,58.63,67.79,988.26,rainy
32.0,15.6,11.7,5.0,39.48,89.17,937.06,snowy
9.4,14.4,8.3,4.6,77.15,19.97,1068.48,rainy
4.1,14.4,8.9,3.2,81.19,41.0,1106.07,rainy
6.1,16.7,8.3,5.4,63.37,86.53,1029.07,snowy
1.5,12.8,7.8,5.0,96.21,13.74,953.5,stormy
0.8,15.6,6.7,2.4,50.08,67.85,1046.19,rainy
12.7,15.0,9.4,3.9,65.48,87.67,1078.7,rainy
0.5,16.7,11.7,3.1,55.83,50.6,939.14,rainy
25.4,15.6,11.1,3.2,71.8,32.56,954.52,rainy
17.0,12.8,8.3,2.0,87.45,71.19,1003.96,rainy
0.0,11.1,7.2,1.2,46.91,34.43,903.52,cloudy
1.8,13.3,7.2,2.9,103.44,21.49,1116.74,rainy
10.9,13.9,11.1,4.8,88.7,24.82,918.25,rainy
4.1,14.4,10.6,3.3,46.61,81.62,951.94,stormy
4.8,15.0,10.6,2.1,73.35,88.15,1099.51,rainy
4.1,16.7,10.6,6.7,78.18,73.12,939.55,rainy
0.0,14.4,7.2,2.3,44.49,46.13,1006.54,sunny
0.0,12.8,3.9,0.8,81.9,35.86,1014.38,cloudy
5.1,13.3,7.8,3.0,74.15,24.24,1078.28,snowy
0.0,11.1,5.6,3.9,44.81,58.77,1026.36,sunny
0.0,7.8,1.1,7.7,45.81,0.2,909.14,sunny
0.0,6.7,0.0,7.6,27.36,18.38,957.12,sunny
0.0,7.2,0.6,4.7,39.7,86.64,1039.44,sunny
0.0,7.2,-2.1,4.5,105.31,7.19,1022.85,sunny
0.0,8.3,-1.6,4.2,85.46,51.11,962.31,sunny
0.0,9.4,-2.1,4.2,48.96,49.31,970.66,sunny
0.0,10.6,-2.1,1.9,60.02,45.53,961.26,sunny
0.0,7.2,-0.5,0.9,89.17,21.19,1130.64,sunny
0.0,11.1,2.2,1.9,72.44,16.12,1105.97,sunny
3.6,11.1,5.6,2.1,71.52,76.37,899.47,snowy
15.2,11.1,8.3,4.7,42.26,57.03,1106.54,rainy
0.5,9.4,6.7,4.7,55.61,2.15,1056.15,stormy
11.9,12.8,5.6,5.1,89.29,24.03,976.84,rainy
1.3,11.7,4.4,3.8,57.37,7.98,1035.11,stormy
18.3,13.9,9.4,4.5,81.05,81.74,926.18,rainy
0.3,15.0,12.2,3.9,43.19,77.8,1025.55,stormy
3.3,14.4,11.7,6.6,28.92,95.9,1078.95,rainy
34.3,12.8,3.3,5.8,64.53,29.83,1033.98,rainy
3.6,4.4,-4.3,5.3,79.19,7.33,1024.3,snowy
0.0,2.8,-4.9,4.4,87.62,62.06,996.56,sunny
0.0,4.4,-3.2,2.2,69.5,25.11,1055.74,sunny
0.0,5.6,-3.2,5.7,94.55,74.25,960.95,cloudy
0.0,10.0,0.0,3.6,31.64,52.29,1019.42,sunny
0.8,8.3,3.9,1.1,87.44,85.89,970.28,rainy
3.0,12.8,6.7,3.1,34.85,48.98,1048.88,stormy
7.4,11.7,7.8,3.6,43.06,91.45,900.15,rainy
0.0,14.4,6.1,2.8,97.46,20.86,970.24,sunny
9.1,14.4,8.9,4.2,60.19,81.09,1026.15,snowy
9.9,16.1,10.6,5.1,43.28,96.0,939.42,snowy
13.0,18.9,10.0,6.7,58.32,2.85,1035.25,stormy
6.9,14.4,8.3,6.4,52.97,2.53,947.03,rainy
0.0,11.1,7.2,3.7,82.23,12.43,941.25,sunny
0.0,10.0,3.9,1.1,72.61,24.38,937.06,cloudy
0.0,12.8,1.7,3.5,53.5,75.54,912.79,cloudy
0.0,12.2,6.7,5.9,85.14,103.04,938.35,sunny
0.0,10.0,8.3,4.0,78.48,13.3,1111.19,sunny
2.8,8.9,6.1,1.6,44.52,84.65,1071.06,snowy
13.0,9.4,6.7,3.1,65.43,10.51,990.74,snowy
3.0,11.1,7.2,4.3,83.38,81.51,1109.13,rainy
19.6,12.8,6.7,5.5,70.03,2.67,1037.74,stormy
0.0,12.8,10.0,5.2,64.93,12.01,1039.9,sunny
0.0,10.6,6.1,1.5,66.0,29.47,1036.5,sunny
20.6,12.2,5.0,3.8,91.64,43.37,1035.03,rainy
5.3,7.2,3.9,1.8,80.18,98.35,926.09,rainy
0.0,7.8,2.8,2.2,41.05,76.92,1003.16,cloudy
0.0,5.6,1.7,1.2,84.62,23.48,951.9,cloudy
3.3,9.4,4.4,4.9,67.72,42.76,1006.76,snowy
4.1,6.7,2.8,1.8,59.11,47.9,1068.36,rainy
0.0,6.1,0.6,4.3,76.23,47.62,1002.89,cloudy
0.0,3.3,-2.1,3.6,73.17,57.91,1049.33,sunny
0.0,3.3,-2.7,3.0,65.86,61.56,917.45,sunny
0.0,5.6,-3.2,1.2,34.37,71.71,1055.64,sunny
1.5,5.6,0.0,2.3,87.34,7.18,986.83,rainy
0.0,5.0,1.7,1.7,32.45,45.62,905.51,cloudy
10.2,10.6,3.3,4.5,69.5,41.85,961.1,rainy
8.1,12.2,9.4,6.4,102.67,79.25,945.88,rainy
0.0,12.2,6.1,1.3,45.85,32.71,1015.78,cloudy
0.0,7.8,5.6,1.6,37.4,47.85,1086.09,cloudy
0.0,7.8,1.7,2.6,56.15,2.46,1040.05,cloudy
0.3,10.0,3.3,0.6,45.31,16.0,972.22,snowy
5.8,7.8,6.1,0.5,41.17,15.89,1056.42,rainy
1.5,9.4,7.2,1.1,57.69,19.09,1125.72,rainy
0.0,11.1,4.4,1.6,40.75,88.11,970.81,cloudy
0.0,9.4,2.8,2.7,71.0,21.7,947.25,cloudy
0.0,6.1,0.6,2.8,96.33,83.93,1005.52,cloudy
9.7,7.8,1.1,3.2,86.94,4.49,939.64,rainy
0.0,11.7,5.6,4.5,38.14,56.99,928.42,cloudy
26.2,13.3,3.3,2.8,33.95,25.98,1009.26,rainy
21.3,13.9,7.2,6.6,53.46,73.61,975.58,rainy
0.5,10.0,6.1,2.8,33.75,25.37,1065.78,rainy
0.0,10.0,3.3,3.0,96.26,33.07,1047.75,cloudy
0.0,7.2,-0.5,1.3,36.84,56.55,1136.18,cloudy
0.8,9.4,6.1,1.3,40.68,42.22,969.44,rainy
5.8,12.2,8.3,2.6,98.41,76.81,1134.42,rainy
0.5,14.4,11.1,3.3,47.05,75.59,1103.52,snowy
0.0,17.2,7.2,1.4,36.8,50.69,1011.06,cloudy
0.0,16.1,6.1,2.2,42.0,42.8,1114.95,cloudy
0.8,11.1,8.3,2.0,98.65,59.43,1059.63,rainy
0.0,12.2,5.0,1.8,45.47,32.24,1072.88,cloudy
0.0,12.2,3.3,2.9,66.92,64.35,1081.39,sunny
0.0,8.3,1.1,0.8,59.96,90.41,994.26,cloudy
0.0,7.2,3.3,1.9,37.42,87.17,886.43,cloudy
1.5,9.4,4.4,2.6,49.97,74.66,995.74,rainy
7.4,11.1,5.0,4.0,71.03,14.53,1020.11,snowy
1.3,10.0,5.6,1.9,44.0,78.14,1113.35,rainy
8.4,10.6,4.4,1.7,43.36,76.94,964.88,rainy
26.2,13.3,8.3,4.6,102.4,50.16,1036.28,rainy
17.3,14.4,10.0,4.5,98.91,84.9,1007.4,rainy
23.6,12.2,9.4,4.6,96.34,44.84,932.47,rainy
3.6,15.0,8.3,3.9,95.8,42.27,984.93,stormy
6.1,13.3,8.3,2.5,40.13,48.03,1054.34,stormy
0.3,12.8,8.3,4.0,84.9,75.24,964.31,rainy
0.0,12.8,5.6,1.0,44.72,34.93,1023.97,cloudy
1.0,16.7,9.4,2.1,65.28,94.93,920.7,rainy
0.0,15.6,6.7,1.7,34.39,77.56,1116.52,cloudy
0.3,14.4,6.7,2.9,82.79,24.72,995.01,snowy
0.0,12.2,3.9,4.8,48.43,44.99,1072.7,sunny
0.0,15.0,5.6,6.6,53.58,74.13,944.15,cloudy
0.0,16.1,4.4,4.0,95.5,93.19,1038.36,sunny
0.0,12.2,4.4,2.6,32.73,25.86,973.03,sunny
4.6,10.6,8.3,2.2,46.57,103.63,1020.85,rainy
0.8,11.1,7.2,0.9,59.68,27.4,998.7,stormy
0.0,12.2,5.6,4.5,43.56,6.27,1040.67,sunny
0.0,11.7,3.3,4.2,71.52,13.84,1145.13,sunny
0.0,12.8,0.6,1.4,38.22,49.17,1119.86,sunny
0.0,11.1,2.2,1.5,37.26,52.11,988.26,sunny
4.1,10.0,6.7,1.0,89.27,38.48,1079.33,rainy
9.4,11.7,7.8,1.4,89.09,52.76,1064.19,rainy
18.3,10.0,6.7,4.0,42.95,48.48,930.72,rainy
0.0,12.2,3.3,5.1,58.95,1.93,967.97,sunny
0.0,11.1,1.1,2.2,46.38,8.4,950.84,sunny
0.0,11.1,4.4,4.8,59.5,1.83,961.24,sunny
0.0,10.6,0.0,2.1,36.65,96.36,910.24,sunny
0.0,12.8,-0.5,1.8,41.43,91.03,1119.3,sunny
0.0,13.3,2.8,1.3,51.6,17.89,1096.12,sunny
0.0,15.0,3.3,1.4,61.69,82.46,1008.08,sunny
0.0,16.7,3.9,2.7,101.14,20.55,1044.48,cloudy
0.0,17.2,3.9,1.7,73.75,20.98,1000.36,cloudy
0.0,14.4,4.4,1.8,92.48,56.92,962.44,cloudy
0.8,13.3,5.0,2.6,57.54,34.27,1025.54,rainy
2.5,14.4,8.9,3.1,70.45,45.35,1096.92,stormy
0.0,17.8,9.4,3.2,72.17,89.93,984.62,sunny
2.0,17.2,7.8,2.2,84.72,98.41,938.2,rainy
17.0,13.9,9.4,3.8,92.26,44.58,1068.17,rainy
55.9,10.6,6.1,4.2,28.04,17.1,1103.3,rainy
1.0,13.9,6.1,3.0,100.87,21.94,1087.44,rainy
0.8,13.3,4.4,2.6,52.8,32.83,1012.9,snowy
0.0,15.6,7.2,2.5,75.99,40.39,988.42,sunny
0.0,15.6,8.3,1.9,80.35,86.95,1038.17,sunny
4.1,13.9,8.9,1.9,36.15,70.47,1039.0,rainy
3.8,13.3,8.3,4.7,105.99,45.35,1072.17,rainy
1.0,11.7,6.1,2.3,61.48,36.88,940.62,rainy
8.1,11.1,5.6,2.8,32.46,25.97,1064.01,rainy
7.6,12.8,6.1,3.9,68.01,35.18,1099.41,stormy
5.1,14.4,7.2,4.4,67.5,100.37,934.88,rainy
0.0,20.6,10.0,2.2,93.99,97.14,927.0,sunny
1.0,18.3,8.9,4.0,44.29,70.29,1082.11,stormy
0.0,15.6,9.4,5.7,79.16,46.16,945.78,sunny
0.0,15.6,8.9,3.0,77.17,40.95,926.74,sunny
1.8,17.8,10.6,2.9,59.22,57.7,968.83,rainy
1.0,12.8,6.1,4.2,60.57,28.38,984.88,snowy
5.1,12.8,5.6,3.2,52.82,24.45,914.86,rainy
0.0,13.3,5.6,2.4,51.77,95.09,1085.2,sunny
1.5,11.1,5.0,3.6,56.07,7.51,919.49,rainy
0.0,12.8,3.9,1.7,41.53,90.12,955.55,sunny
0.0,16.7,2.8,2.4,68.45,88.54,993.65,sunny
1.0,13.9,6.7,3.5,55.07,38.46,967.05,rainy
0.5,14.4,6.7,3.9,61.08,96.74,1065.37,rainy
0.0,17.2,6.1,1.7,42.69,52.34,1034.21,sunny
0.0,17.2,6.1,2.3,65.2,40.38,1017.72,sunny
10.9,13.9,7.8,4.6,96.32,49.89,954.94,snowy
0.0,11.7,5.6,6.5,101.69,77.69,1012.29,sunny
0.0,13.3,5.6,3.6,37.53,49.78,1069.87,sunny
14.0,11.7,3.9,3.6,62.76,7.5,960.05,rainy
3.3,11.7,2.8,3.3,55.66,9.37,955.6,rainy
0.0,13.9,3.3,2.4,57.98,34.06,924.42,sunny
0.0,17.8,3.9,3.1,40.19,74.08,1108.05,sunny
0.0,18.9,6.1,3.6,49.27,73.58,945.83,sunny
0.0,18.9,8.3,3.9,44.43,74.15,1038.83,sunny
0.0,21.1,8.3,3.6,70.91,17.02,1028.93,sunny
0.0,22.8,7.8,2.6,59.28,28.41,1022.64,sunny
5.6,17.2,6.7,3.4,73.17,84.14,959.57,rainy
0.0,15.6,5.0,2.3,96.17,79.88,1137.12,sunny
3.0,12.2,6.7,4.1,41.62,2.17,975.26,snowy
3.3,12.2,6.1,5.0,88.26,54.37,1044.37,rainy
1.3,13.3,5.6,3.0,48.73,27.45,1085.58,stormy
0.0,15.6,4.4,2.7,95.05,83.76,1037.28,cloudy
0.3,25.0,10.6,2.3,34.08,79.15,1083.3,rainy
1.8,15.6,8.9,4.3,93.99,81.92,933.44,rainy
0.0,16.1,7.2,4.7,73.66,19.2,927.0,sunny
0.0,17.2,7.8,2.1,82.18,93.9,923.66,sunny
0.0,18.3,8.9,3.7,40.16,81.95,974.77,sunny
0.0,18.3,7.8,3.7,52.52,46.52,1031.6,sunny
0.0,20.6,7.8,2.6,49.45,24.38,1072.39,sunny
0.0,17.2,7.2,5.2,66.41,0.45,946.69,sunny
6.1,14.4,7.2,5.1,44.28,60.35,1039.62,stormy
0.0,16.7,7.2,2.6,49.11,75.57,984.11,cloudy
0.0,20.6,6.1,3.0,33.79,46.54,959.81,sunny
0.0,23.9,8.3,3.0,80.6,3.25,1074.15,sunny
0.0,26.7,9.4,2.6,44.81,72.23,1084.57,sunny
0.0,19.4,11.1,2.8,57.63,30.18,1092.57,sunny
0.0,13.9,10.0,2.5,54.4,77.52,1080.59,cloudy
4.3,15.6,10.6,3.3,82.25,28.85,1076.34,rainy
4.1,12.2,10.0,2.8,43.69,75.9,960.86,stormy
0.3,17.8,9.4,2.0,48.31,89.45,1096.25,stormy
0.0,20.0,9.4,2.8,68.12,50.45,1070.88,cloudy
0.0,15.6,11.1,3.0,38.58,50.58,1093.02,sunny
0.0,19.4,10.6,2.1,52.42,6.27,1089.36,sunny
0.0,25.6,12.2,3.0,56.26,14.09,1120.63,sunny
0.0,21.7,11.7,2.6,44.23,40.72,1090.23,sunny
0.0,23.3,10.6,1.8,56.51,58.01,996.46,cloudy
0.0,25.6,11.7,2.1,86.72,20.87,1054.33,sunny
0.0,16.7,11.7,3.7,46.6,95.69,1143.5,sunny
0.0,16.1,11.7,2.6,83.21,22.01,955.78,sunny
0.0,17.8,11.1,2.7,58.03,56.47,1077.47,sunny
0.0,15.6,11.1,2.7,83.79,19.2,1093.73,sunny
0.0,21.7,11.7,2.1,52.69,22.47,957.07,sunny
0.0,24.4,11.7,1.8,39.79,97.85,922.37,sunny
0.0,27.8,12.2,2.1,63.7,18.15,936.69,sunny
0.0,26.1,12.8,2.5,33.34,90.52,1130.53,sunny
0.0,22.8,10.0,2.5,51.24,35.74,1043.25,sunny
0.0,25.0,11.7,2.2,33.12,46.25,1013.34,sunny
4.6,16.1,11.7,3.4,80.28,87.78,1049.74,snowy
0.5,17.8,12.8,5.0,83.64,93.45,896.76,rainy
0.0,20.0,11.7,3.0,81.69,3.18,1008.16,sunny
0.0,22.8,11.7,3.9,76.45,81.6,1117.34,sunny
0.0,26.7,12.8,4.3,77.28,66.43,941.38,sunny
0.0,29.4,13.3,2.6,51.59,8.06,1040.87,sunny
0.0,31.1,15.6,3.2,86.55,86.96,1059.89,sunny
0.0,30.6,14.4,3.5,85.94,9.02,1025.67,sunny
0.0,28.9,14.4,2.7,72.75,41.46,1069.86,sunny
0.0,25.6,11.1,3.0,66.87,90.91,1095.97,sunny
0.0,24.4,11.1,3.5,42.18,1.46,984.59,sunny
0.0,20.0,11.7,2.3,42.29,78.72,1083.15,sunny
0.0,23.9,9.4,2.6,50.95,38.69,930.51,sunny
0.0,27.8,11.7,3.7,89.68,0.76,1091.18,sunny
0.0,30.0,16.1,3.5,64.7,36.27,941.25,stormy
0.0,22.8,11.1,3.0,42.73,19.2,944.32,sunny
0.0,25.0,11.1,3.1,41.53,4.01,918.86,sunny
0.0,24.4,13.9,3.0,45.52,36.16,1109.65,sunny
0.5,23.9,13.3,3.2,57.67,89.14,944.75,rainy
0.0,25.0,12.8,4.3,56.43,10.68,915.82,sunny
0.0,25.6,13.9,3.4,78.77,92.71,1005.19,sunny
0.0,25.0,12.8,2.4,48.0,95.32,1064.49,sunny
0.0,26.1,11.7,2.4,49.01,79.52,939.83,sunny
0.0,25.6,16.1,2.6,67.1,12.11,1107.33,sunny
0.0,30.6,15.6,3.0,62.8,30.78,1079.49,sunny
0.0,31.7,17.8,4.7,97.9,28.95,929.21,sunny
0.0,33.3,17.2,3.9,45.82,21.19,1108.01,sunny
0.3,28.3,18.3,2.1,46.89,14.46,1108.92,rainy
0.0,28.9,17.2,2.7,87.5,53.36,1009.49,sunny
0.0,30.6,15.0,3.4,58.89,32.52,931.24,cloudy
0.0,32.2,17.2,4.3,52.79,22.95,1072.94,sunny
0.0,33.9,17.8,3.4,56.2,21.59,932.05,sunny
0.0,33.3,17.8,2.6,51.96,35.33,944.23,sunny
0.0,33.3,15.0,2.9,61.23,34.15,964.96,sunny
0.0,32.8,16.7,2.1,30.15,45.85,1014.9,sunny
0.0,29.4,15.6,3.2,85.12,13.31,965.15,stormy
0.0,27.2,13.9,2.4,61.86,13.23,989.59,sunny
0.0,30.0,14.4,1.9,52.64,10.17,1073.8,stormy
0.0,28.9,14.4,3.4,82.85,47.25,952.81,sunny
0.0,21.1,16.7,3.7,80.98,22.94,959.66,sunny
0.0,22.2,16.7,3.0,38.21,33.55,958.62,sunny
0.0,26.1,16.7,2.2,45.75,85.63,985.16,sunny
0.0,25.6,16.1,3.1,73.92,15.43,1047.67,sunny
0.0,27.8,16.1,3.3,58.9,0.54,1030.65,sunny
0.0,26.1,14.4,3.2,57.59,25.07,953.42,sunny
0.0,26.1,15.0,2.8,36.31,15.43,1068.52,sunny
0.0,27.8,13.9,3.3,74.37,15.31,957.77,sunny
0.0,33.3,17.8,3.4,66.98,18.18,1080.06,sunny
0.0,35.0,17.2,3.3,64.88,18.27,1017.22,sunny
0.0,26.7,16.7,3.9,34.54,63.53,886.21,sunny
0.0,23.9,15.0,2.4,29.8,88.16,1099.74,sunny
0.0,23.9,13.9,2.8,52.23,14.87,986.9,sunny
0.0,26.1,14.4,1.9,48.35,8.36,948.08,sunny
0.3,22.8,13.3,3.8,47.53,21.27,1061.38,rainy
0.0,21.1,14.4,2.4,33.68,91.14,999.26,cloudy
2.0,22.2,13.9,2.6,41.85,80.68,1034.38,rainy
0.0,23.3,12.2,1.9,47.29,82.99,1046.04,cloudy
0.0,27.8,13.9,3.4,57.34,10.83,1028.6,sunny
0.0,32.2,14.4,3.8,62.0,65.58,1013.37,sunny
0.0,34.4,17.2,3.5,57.48,20.93,915.62,sunny
0.0,34.4,17.8,2.6,46.61,32.09,946.01,sunny
0.0,33.3,15.6,3.1,50.72,52.95,963.17,sunny
0.0,30.6,16.1,2.0,48.23,13.97,1080.19,sunny
0.0,28.3,17.2,2.3,33.96,13.64,887.83,sunny
0.0,26.1,14.4,2.6,62.5,103.1,977.19,cloudy
0.0,23.3,12.2,3.5,48.8,1.51,1034.03,sunny
0.0,25.0,15.0,2.9,56.61,26.02,1033.28,sunny
0.0,28.3,15.6,3.7,58.09,97.33,1086.06,sunny
0.0,25.0,15.6,3.6,35.09,90.85,1016.63,cloudy
0.0,28.3,15.0,2.2,46.14,89.05,998.55,sunny
0.0,28.9,16.1,2.4,85.59,45.71,1047.26,sunny
0.0,30.0,16.7,4.4,45.1,24.82,1006.53,sunny
7.6,28.3,16.7,2.7,83.07,40.22,1045.78,rainy
0.0,28.3,15.6,2.2,86.17,14.34,1074.72,sunny
30.5,18.3,15.0,5.2,70.08,30.09,1093.59,stormy
0.0,21.7,13.9,3.7,42.31,1.29,952.04,sunny
0.0,25.0,14.4,3.7,94.71,0.76,957.24,sunny
0.0,27.2,13.9,3.0,37.0,17.18,935.99,sunny
0.0,30.0,15.0,3.0,49.9,92.68,951.58,sunny
0.0,31.7,16.1,2.1,45.49,13.27,966.59,stormy
2.0,22.8,14.4,4.2,35.69,73.77,954.31,stormy
0.0,22.2,14.4,2.6,30.5,46.08,914.73,sunny
0.0,26.7,12.2,2.5,32.98,104.61,1063.61,stormy
0.0,27.8,13.9,1.8,36.74,23.74,1046.87,stormy
0.0,23.9,12.2,2.3,37.22,91.85,974.0,sunny
0.0,25.6,12.2,3.4,60.61,79.01,960.93,sunny
0.0,28.3,13.9,1.7,34.08,55.56,944.7,sunny
0.0,29.4,14.4,2.1,74.07,15.2,989.21,sunny
0.5,23.3,15.6,2.6,35.56,88.36,1011.22,rainy
32.5,22.2,13.3,5.8,45.64,4.65,981.37,snowy
10.2,20.0,12.8,4.7,49.58,15.74,906.97,rainy
0.0,18.9,16.1,5.8,85.87,73.9,1066.84,sunny
5.8,19.4,13.9,5.0,93.0,5.64,932.26,rainy
0.0,19.4,11.1,3.8,93.27,93.88,957.98,sunny
0.0,18.3,10.6,2.9,56.69,48.61,1068.63,sunny
0.0,18.3,10.0,2.9,55.36,52.87,915.23,sunny
0.3,20.6,8.9,3.5,59.38,3.95,997.59,rainy
5.3,16.1,11.7,2.4,50.47,21.7,903.62,rainy
0.3,21.1,13.3,1.5,40.67,25.13,1075.3,rainy
0.0,22.8,13.3,2.4,34.4,79.75,1017.75,sunny
0.0,24.4,13.9,3.3,66.23,77.88,1033.45,sunny
0.0,25.0,14.4,3.6,84.37,0.84,1089.56,cloudy
0.0,27.2,15.0,3.1,43.08,38.48,1069.33,sunny
0.0,26.7,14.4,2.1,60.1,85.96,1079.37,sunny
0.5,20.6,12.8,3.0,45.41,32.25,1109.93,rainy
0.0,16.7,10.6,3.4,81.33,84.08,995.36,sunny
0.0,17.8,10.0,2.8,59.94,50.03,1087.84,sunny
1.0,20.0,10.0,1.9,52.69,6.32,1007.53,rainy
1.8,18.3,12.8,3.8,93.73,96.22,1101.87,rainy
0.0,19.4,12.8,2.6,43.95,35.56,1056.74,sunny
0.0,21.1,14.4,4.3,57.79,64.59,958.81,sunny
4.1,22.8,12.2,6.8,44.49,0.2,1010.97,rainy
0.0,18.3,9.4,2.7,84.61,18.92,1007.8,cloudy
0.0,18.9,7.8,2.0,41.33,7.21,1112.39,sunny
0.0,20.6,8.3,1.8,50.64,6.36,1064.63,sunny
0.0,22.2,11.1,2.5,42.64,42.38,1038.83,cloudy
2.0,15.6,12.8,2.6,52.67,23.05,905.38,rainy
0.0,18.3,10.0,2.7,60.11,56.24,1089.71,sunny
0.0,17.8,7.2,3.8,46.1,75.25,960.86,sunny
0.0,21.1,9.4,5.1,79.86,105.71,888.2,sunny
0.0,21.7,8.9,1.9,87.13,94.77,1060.35,sunny
0.0,18.3,10.0,1.3,48.42,45.71,955.97,cloudy
0.0,21.1,9.4,1.3,85.64,88.94,932.14,cloudy
0.0,15.6,10.0,2.9,59.66,11.36,943.65,cloudy
0.0,19.4,11.1,4.8,37.27,52.31,966.67,sunny
0.0,22.8,10.0,3.7,67.75,63.44,1112.25,sunny
0.0,23.3,9.4,1.6,64.17,68.8,924.77,sunny
0.0,18.3,10.0,2.6,49.57,23.14,996.22,stormy
9.9,16.1,13.9,2.2,32.41,88.45,1049.29,stormy
0.0,18.9,13.3,1.1,81.56,38.35,1057.7,cloudy
0.3,19.4,12.2,2.6,87.86,2.94,947.78,rainy
28.7,21.1,13.3,4.7,101.55,61.72,943.14,rainy
0.0,17.8,10.6,2.6,48.92,25.33,1054.33,sunny
4.6,18.3,10.6,2.8,56.15,49.29,940.66,rainy
1.3,16.7,9.4,3.2,37.05,47.19,1021.92,rainy
0.0,15.0,10.0,5.0,50.26,58.59,885.67,cloudy
0.0,21.1,9.4,3.4,81.58,63.49,909.15,cloudy
0.0,20.0,8.9,1.3,30.99,2.5,1011.99,sunny
0.3,19.4,11.7,1.3,87.16,89.59,1023.41,rainy
3.8,15.0,12.8,2.0,51.15,103.4,1082.2,rainy
0.3,17.2,12.2,2.6,31.47,77.79,1109.02,rainy
0.0,17.8,10.6,1.8,35.76,35.25,1131.96,cloudy
0.0,16.1,8.3,1.3,67.91,55.2,994.27,cloudy
0.0,16.1,8.9,2.7,64.02,10.5,1041.57,cloudy
0.0,12.8,7.2,2.6,75.05,85.67,1100.11,cloudy
0.0,15.0,8.9,2.9,77.56,39.68,945.64,cloudy
8.9,19.4,8.9,3.4,47.27,99.56,1005.35,rainy
6.9,12.2,10.0,4.6,68.73,70.24,1074.77,rainy
0.0,16.1,7.8,1.7,37.27,51.06,942.21,cloudy
3.3,13.9,11.1,2.8,56.74,10.76,924.77,rainy
1.8,15.0,12.2,4.7,77.63,3.23,929.34,rainy
19.3,17.2,11.7,6.7,63.4,2.73,1076.13,rainy
33.0,15.6,11.7,7.2,78.71,64.1,965.11,rainy
26.2,12.2,8.9,6.0,81.88,28.58,944.83,snowy
0.3,11.1,7.2,2.8,86.95,88.15,1021.18,snowy
0.8,10.6,5.0,1.4,35.18,38.49,1034.44,rainy
0.0,10.0,3.3,2.2,60.73,44.5,1089.68,sunny
1.3,11.7,7.8,2.3,74.03,84.37,903.52,snowy
0.0,15.6,8.3,2.7,54.11,71.29,937.79,cloudy
12.7,12.2,9.4,3.0,79.83,23.01,1014.47,snowy
6.6,11.1,7.8,1.8,95.14,49.51,969.54,rainy
3.3,10.0,5.0,1.3,65.64,86.74,1055.62,rainy
1.3,11.1,3.9,3.9,60.38,62.69,966.43,rainy
1.5,11.1,6.1,4.6,73.52,6.67,937.86,rainy
9.9,11.1,5.0,5.1,52.6,50.38,909.22,rainy
33.5,13.3,9.4,6.5,45.17,2.35,941.84,rainy
47.2,9.4,6.1,4.5,65.8,14.76,1037.56,stormy
22.4,8.9,2.2,4.1,81.23,75.54,916.07,snowy
2.0,8.9,1.7,4.0,64.86,46.06,1068.85,snowy
29.5,13.3,6.7,8.0,82.59,14.27,1071.86,rainy
1.5,8.9,3.3,3.8,50.9,52.85,978.94,rainy
2.0,8.9,2.8,4.2,61.17,55.32,957.75,rainy
0.0,8.3,0.6,4.0,65.86,68.71,1052.72,cloudy
0.0,8.9,0.6,4.7,90.06,75.9,1050.54,sunny
0.0,10.0,1.7,3.1,36.43,42.5,930.74,cloudy
3.0,6.7,0.0,1.3,41.07,59.67,1145.44,snowy
7.1,6.7,2.8,4.5,50.46,82.33,1147.66,snowy
0.0,7.2,0.0,5.7,81.59,69.44,1054.37,sunny
0.0,9.4,-1.0,4.3,36.61,27.28,959.29,sunny
0.0,9.4,-1.6,3.0,87.16,61.42,1076.9,sunny
0.0,7.2,-2.7,1.0,33.07,70.8,938.28,sunny
0.0,1.7,-2.1,0.9,87.01,50.51,999.14,cloudy
0.5,5.6,-3.8,1.7,51.6,85.11,964.56,rainy
12.2,10.0,3.9,3.5,31.07,23.82,998.9,rainy
2.5,10.6,4.4,5.0,63.91,2.03,1058.97,stormy
12.7,15.6,7.8,5.9,97.33,20.33,1097.52,rainy
2.0,10.6,6.1,4.7,28.19,16.38,955.2,snowy
15.7,10.0,6.1,4.0,73.71,12.31,944.02,rainy
11.2,12.8,7.2,5.9,53.99,27.79,1053.76,snowy
27.4,11.1,8.3,3.4,37.92,49.26,1027.01,rainy
54.1,15.6,10.0,6.2,53.3,49.03,963.66,rainy
13.5,12.2,7.8,6.3,86.44,99.15,928.15,rainy
9.4,11.7,6.1,7.5,62.1,90.76,938.53,rainy
0.3,9.4,4.4,2.8,91.42,21.95,916.59,rainy
16.0,8.9,5.6,5.6,62.92,23.27,956.29,snowy
1.3,7.8,6.1,6.1,74.94,44.26,1075.57,rainy
0.0,7.8,1.7,1.7,70.15,52.79,1017.06,sunny
1.5,6.7,1.1,2.9,93.71,53.66,943.36,snowy
3.6,6.1,2.8,2.3,63.67,77.31,894.92,snowy
21.8,6.7,3.9,6.0,35.0,83.56,969.54,rainy
18.5,8.9,4.4,5.1,88.3,68.25,1096.19,rainy
0.0,8.3,2.8,4.1,87.69,74.65,966.28,cloudy
4.3,7.8,4.4,6.7,57.64,46.23,1008.97,rainy
27.4,5.6,2.8,4.3,42.13,27.82,1033.26,stormy
4.6,7.8,2.8,5.0,40.39,91.42,1041.37,stormy
6.1,5.0,2.8,7.6,90.4,67.38,1054.69,rainy
2.5,5.6,2.2,4.3,99.42,9.77,990.46,rainy
5.8,5.0,2.2,1.5,30.48,45.68,980.96,rainy
0.0,4.4,0.0,2.5,49.59,75.61,990.0,sunny
8.6,4.4,1.7,2.9,72.2,56.15,1025.0,rainy
1.5,5.0,1.7,1.3,36.47,54.14,1036.68,stormy
0.0,7.2,0.6,2.6,89.98,25.01,974.6,cloudy
0.0,5.6,-1.0,3.4,34.34,1.92,1061.07,sunny
0.0,5.6,-2.1,3.5,90.25,39.06,1063.75,sunny
